N,u_lo_times_1e9,u_hi_times_1e9,z_lo,z_hi,zeta_N,upper_margin,lower_margin,R_lo,R_hi,dp_checked
2,499999999,500000001,0.666666665778,0.666666667556,0.536829097398,0.103011209,0.526370294,0.050642758,0.050642762,1
3,414213562,414213563,0.878679655881,0.878679657381,0.765118644148,0.049812342,0.507126131,0.040496852,0.040496855,1
4,342508031,342508032,1.020501995045,1.020501997265,0.946454646485,0.058024482,0.472305153,-0.010777946,-0.010777942,1
5,302775637,302775638,1.162040601624,1.162040604570,1.096170646593,0.048163382,0.463403172,-0.012522075,-0.012522070,1
6,267889742,267889743,1.267727309998,1.267727313731,1.223532541153,0.057968428,0.437208250,-0.036665089,-0.036665083,1
7,244373389,244373390,1.374678804707,1.374678809228,1.334337037463,0.053337708,0.426736005,-0.035695795,-0.035695788,1
8,223092910,223092911,1.459204992039,1.459204997387,1.432407437895,0.060468114,0.405517885,-0.049597925,-0.049597918,1
9,207304244,207304245,1.545375331257,1.545375337432,1.520386469896,0.057227071,0.395584264,-0.047746510,-0.047746502,1
10,192742240,192742241,1.615958868028,1.615958875058,1.600173297820,0.062330962,0.378150594,-0.056659598,-0.056659588,1
11,181296874,181296875,1.688200195813,1.688200203696,1.673177259999,0.059685220,0.369249048,-0.054551106,-0.054551095,1
12,170602972,170602973,1.748872771528,1.748872780285,1.740472506082,0.063419303,0.354689316,-0.060666936,-0.060666924,1
13,161866299,161866300,1.811105020269,1.811105029899,1.802896312439,0.061124166,0.346821821,-0.058538563,-0.058538550,1
14,153626343,153626344,1.864354793084,1.864354803604,1.861113909443,0.063923184,0.334467923,-0.062936514,-0.062936500,1
15,146704599,146704600,1.919037376251,1.919037387659,1.915662591422,0.061876778,0.327515999,-0.060881974,-0.060881959,1
16,140129932,140129933,1.966511753680,1.966511765988,1.966982558236,0.064019907,0.316884225,-0.064154825,-0.064154809,1
17,134489904,134489905,2.015291947455,2.015291960663,2.015438997840,0.062168264,0.310714332,-0.062209285,-0.062209269,1
18,129102879,129102880,2.058140020029,2.058140034148,2.061338230749,0.063838415,0.301451267,-0.064709023,-0.064709005,1
19,124405159,124405160,2.102176428203,2.102176443232,2.104939733073,0.062147413,0.295943259,-0.062882305,-0.062882286,1
20,119898116,119898117,2.141232569053,2.141232585000,2.146465238593,0.063467932,0.287786356,-0.064830653,-0.064830633,1
21,115915551,115915552,2.181371671735,2.181371688599,2.186105731689,0.061913345,0.282839005,-0.063121389,-0.063121368,1
22,112080615,112080616,2.217261497720,2.217261515509,2.224026891528,0.062969732,0.275589719,-0.064664540,-0.064664517,1
23,108654978,108654979,2.254140867620,2.254140886333,2.260373381638,0.061533093,0.271119565,-0.063066565,-0.063066542,1
24,105346208,105346209,2.287345786959,2.287345806602,2.295272266807,0.062386230,0.264625010,-0.064304658,-0.064304634,1
25,102363627,102363628,2.321457831446,2.321457852018,2.328835762069,0.061052799,0.260563626,-0.062809959,-0.062809933,1
26,99475303,99475304,2.352356502181,2.352356523690,2.361163464592,0.061746944,0.254704240,-0.063813616,-0.063813589,1
27,96851567,96851568,2.384089504610,2.384089527053,2.392344181026,0.060504661,0.250995379,-0.062413805,-0.062413777,1
28,94305067,94305068,2.412985149780,2.412985173162,2.422457435242,0.061072756,0.245676145,-0.063234270,-0.063234242,1
29,91976455,91976456,2.442650830782,2.442650855102,2.451574721329,0.059911502,0.242273407,-0.061921156,-0.061921126,1
30,89712002,89712003,2.469790233622,2.469790258885,2.479760551830,0.060378386,0.237417924,-0.062596295,-0.062596264,1
31,87629334,87629335,2.497642596683,2.497642622889,2.507073340126,0.059289650,0.234282689,-0.061362310,-0.061362278,1
32,85600601,85600602,2.523229288448,2.523229315601,2.533566147516,0.059674403,0.229828715,-0.061920705,-0.061920672,1
33,83725268,83725269,2.549478106291,2.549478134389,2.559287319161,0.058650907,0.226928663,-0.060758933,-0.060758899,1
34,81895753,81895754,2.573681978397,2.573682007444,2.584281028180,0.058968373,0.222824959,-0.061222493,-0.061222457,1
35,80196990,80196991,2.598502565722,2.598502595718,2.608587743375,0.058003796,0.220132897,-0.060126625,-0.060126588,1
36,78537511,78537512,2.621466909740,2.621466940688,2.632244633113,0.058265680,0.216336848,-0.060512402,-0.060512365,1
37,76990476,76990477,2.645007245171,2.645007277070,2.655285915546,0.057354548,0.213829693,-0.059476787,-0.059476749,1
38,75477401,75477402,2.666854027182,2.666854060035,2.677743163517,0.057570205,0.210305516,-0.059798256,-0.059798216,1
39,74061797,74061798,2.689240126655,2.689240160462,2.699645571015,0.056707785,0.207963507,-0.058817887,-0.058817846,1
40,72675771,72675772,2.710074114278,2.710074149041,2.721020186856,0.056884690,0.204680990,-0.059085720,-0.059085679,1
41,71374843,71374844,2.731414296425,2.731414332144,2.741892120320,0.056066744,0.202487230,-0.058156014,-0.058155971,1
42,70099848,70099849,2.751326076256,2.751326112934,2.762284722685,0.056211005,0.199420590,-0.058378849,-0.058378805,1
43,68899630,68899631,2.771714019585,2.771714057220,2.782219747982,0.055433846,0.197360424,-0.057495762,-0.057495717,1
44,67722288,67722289,2.790782496057,2.790782534652,2.801717495764,0.055550451,0.194487551,-0.057680605,-0.057680559,1
45,66611041,66611042,2.810299846690,2.810299886245,2.820796938237,0.054810770,0.192548286,-0.056840462,-0.056840415,1
46,65520084,65520085,2.828594138447,2.828594178964,2.839475833788,0.054903864,0.189850064,-0.056993086,-0.056993038,1
47,64487861,64487862,2.847312381893,2.847312423371,2.857770828613,0.054198792,0.188020541,-0.056192678,-0.056192629,1
48,63473727,63473728,2.864893432388,2.864893474830,2.875697547904,0.054271788,0.185480396,-0.056317814,-0.056317764,1
49,62512044,62512045,2.882875703195,2.882875746599,2.893270677868,0.053598632,0.183750949,-0.055554098,-0.055554046,1
50,61566562,61566563,2.899797535258,2.899797579627,2.910504039667,0.053654348,0.181354448,-0.055655640,-0.055655588,1
51,60668129,60668130,2.917099603923,2.917099649256,2.927410656199,0.053010858,0.179716398,-0.054926065,-0.054926011,1
52,59784270,59784271,2.933410249616,2.933410295915,2.944002812557,0.053051715,0.177450822,-0.055007333,-0.055007278,1
53,58942792,58942793,2.950081911507,2.950081958771,2.960292110854,0.052435715,0.175896636,-0.054309411,-0.054309355,1
54,58114474,58114475,2.965824278102,2.965824326333,2.976289520048,0.052463796,0.173750738,-0.054373241,-0.054373184,1
55,57324481,57324482,2.981910011218,2.981910060416,2.992005421297,0.051873360,0.172273684,-0.053704768,-0.053704709,1
56,56546415,56546416,2.997122696214,2.997122746380,3.007449649311,0.051890359,0.170237586,-0.053753471,-0.053753411,1
57,55803129,55803130,3.012662366338,3.012662417472,3.022631530138,0.051323806,0.168831598,-0.053112516,-0.053112455,1
58,55070690,55070691,3.027380108531,3.027380160634,3.037559915724,0.051331207,0.166896477,-0.053148103,-0.053148042,1
59,54369920,54369921,3.042409707591,3.042409760663,3.052243215587,0.050786941,0.165556196,-0.052532828,-0.052532765,1
60,53679046,53679047,3.056663954955,3.056664008998,3.066689425885,0.050785984,0.163714215,-0.052556981,-0.052556917,1
61,53017097,53017098,3.071215962413,3.071216017425,3.080906156132,0.050262618,0.162434764,-0.051965785,-0.051965720,1
62,52364205,52364206,3.085035289660,3.085035345643,3.094900653788,0.050254327,0.160678946,-0.051979894,-0.051979829,1
63,51737807,51737808,3.099139176424,3.099139233378,3.108679826918,0.049750588,0.159455937,-0.051411309,-0.051411242,1
64,51119720,51119721,3.112549424912,3.112549482839,3.122250265109,0.049736010,0.157779850,-0.051416765,-0.051416697,1
65,50525970,50525971,3.126232138745,3.126232197643,3.135618258792,0.049250608,0.156609448,-0.050869293,-0.050869224,1
66,49939866,49939867,3.139257078176,3.139257138047,3.148789817122,0.049230470,0.155007479,-0.050867088,-0.050867018,1
67,49376172,49376173,3.152543017720,3.152543078563,3.161770684539,0.048762415,0.153886014,-0.050339586,-0.050339515,1
68,48819530,48819531,3.165204255874,3.165204317691,3.174566356126,0.048737495,0.152352942,-0.050330749,-0.050330676,1
69,48283576,48283577,3.178115941406,3.178116004196,3.187182091869,0.048285686,0.151277275,-0.049821939,-0.049821866,1
70,47754141,47754142,3.190433460668,3.190433524433,3.199622929905,0.048256509,0.149808522,-0.049807188,-0.049807114,1
71,47243845,47243846,3.202991367307,3.202991432045,3.211893698858,0.047820118,0.148775606,-0.049316112,-0.049316037,1
72,46739589,46739590,3.214983405008,3.214983470722,3.223999029319,0.047787282,0.147366871,-0.049296238,-0.049296161,1
73,46253078,46253079,3.227206461800,3.227206528489,3.235943364553,0.047365448,0.146374025,-0.048821896,-0.048821818,1
74,45772175,45772176,3.238889914048,3.238889981712,3.247730970495,0.047329398,0.145021470,-0.048797495,-0.048797416,1
75,45307758,45307759,3.250795590096,3.250795658736,3.259365945078,0.046921304,0.144066261,-0.048338939,-0.048338859,1
76,44848558,44848559,3.262186066969,3.262186136584,3.270852226961,0.046882430,0.142766383,-0.048310537,-0.048310456,1
77,44404703,44404704,3.273790438877,3.273790509469,3.282193603700,0.046487380,0.141846518,-0.047866961,-0.047866879,1
78,43965710,43965711,3.284902317338,3.284902388906,3.293393719389,0.046446100,0.140596034,-0.047835106,-0.047835022,1
79,43541028,43541029,3.296220387801,3.296220460346,3.304456081837,0.046063330,0.139709531,-0.047405621,-0.047405536,1
80,43120884,43120885,3.307067064722,3.307067138244,3.315384069292,0.046019953,0.138505490,-0.047370728,-0.047370642,1
81,42714109,42714110,3.318112605495,3.318112679994,3.326180936757,0.045648894,0.137650379,-0.046954675,-0.046954589,1
82,42311578,42311579,3.328706568392,3.328706643870,3.336849821929,0.045603659,0.136490106,-0.046917069,-0.046916981,1
83,41921556,41921557,3.339492429121,3.339492505576,3.347393750778,0.045243730,0.135664625,-0.046513775,-0.046513686,1
84,41535509,41535510,3.349845229329,3.349845306763,3.357815642801,0.045196918,0.134545582,-0.046473826,-0.046473736,1
85,41161184,41161185,3.360383285284,3.360383363696,3.368118315971,0.044847663,0.133748017,-0.046082761,-0.046082670,1
86,40790589,40790590,3.370505739652,3.370505819043,3.378304491401,0.044799482,0.132667908,-0.046040749,-0.046040657,1
87,40430997,40430998,3.380807328062,3.380807408431,3.388376797741,0.044460210,0.131896936,-0.045661112,-0.045661019,1
88,40074908,40074909,3.390709531472,3.390709612821,3.398337775329,0.044410851,0.130853630,-0.045617295,-0.045617201,1
89,39729160,39729161,3.400784912102,3.400784994430,3.408189880112,0.044081246,0.130107699,-0.045248719,-0.045248624,1
90,39386708,39386709,3.410476286368,3.410476369676,3.417935487350,0.044030902,0.129099202,-0.045203351,-0.045203254,1
91,39053989,39053990,3.420335263253,3.420335347541,3.427576895123,0.043710460,0.128377078,-0.044845252,-0.044845155,1
92,38724375,38724376,3.429824682799,3.429824768067,3.437116327641,0.043659255,0.127401586,-0.044798504,-0.044798406,1
93,38403933,38403934,3.439476349711,3.439476435959,3.446555938387,0.043347592,0.126702032,-0.044450439,-0.044450339,1
94,38086420,38086421,3.448772097414,3.448772184643,3.455897813088,0.043295679,0.125757829,-0.044402514,-0.044402413,1
95,37777562,37777563,3.458225077717,3.458225165926,3.465143972538,0.042992344,0.125079786,-0.044063959,-0.044063857,1
96,37471469,37471470,3.467334892079,3.467334981269,3.474296375264,0.042939902,0.124165234,-0.044015087,-0.044014984,1
97,37173554,37173555,3.476597261947,3.476597352118,3.483356920072,0.042644492,0.123507693,-0.043685577,-0.043685473,1
98,36878252,36878253,3.485528497708,3.485528588861,3.492327448448,0.042591609,0.122621339,-0.043635879,-0.043635774,1
99,36590685,36590686,3.494607724552,3.494607816686,3.501209746853,0.042303876,0.121983229,-0.043315126,-0.043315020,1
100,36305591,36305592,3.503367280395,3.503367373511,3.510005548894,0.042250655,0.121123692,-0.043264743,-0.043264636,1
101,36027821,36027822,3.512270469231,3.512270563329,3.518716537395,0.041970291,0.120504084,-0.042952391,-0.042952283,1
102,35752396,35752397,3.520865031144,3.520865126224,3.527344346366,0.041916645,0.119670254,-0.042901240,-0.042901130,1
103,35483911,35483912,3.529598861145,3.529598957207,3.535890562873,0.041643379,0.119068261,-0.042596975,-0.042596864,1
104,35217651,35217652,3.538034441803,3.538034538847,3.544356728828,0.041589520,0.118258803,-0.042545316,-0.042545204,1
105,34957976,34957977,3.546605335790,3.546605433817,3.552744342686,0.041322977,0.117673711,-0.042248706,-0.042248593,1
106,34700413,34700414,3.554887706419,3.554887805428,3.561054861066,0.041269014,0.116887463,-0.042196677,-0.042196563,1
107,34449105,34449106,3.563301681236,3.563301781228,3.569289700300,0.041008893,0.116318552,-0.041907374,-0.041907259,1
108,34199803,34199804,3.571436305911,3.571436406886,3.577450237903,0.040954918,0.115554429,-0.041855097,-0.041854981,1
109,33956448,33956449,3.579698970067,3.579699072025,3.585537813989,0.040701015,0.115000938,-0.041572866,-0.041572749,1
110,33715002,33715003,3.587691203886,3.587691306827,3.593553732609,0.040646934,0.114258103,-0.041520244,-0.041520126,1
111,33479213,33479214,3.595807826858,3.595807930782,3.601499263037,0.040399100,0.113719278,-0.041244912,-0.041244793,1
112,33245242,33245243,3.603662472999,3.603662577907,3.609375641002,0.040345092,0.112996672,-0.041192163,-0.041192042,1
113,33016660,33016661,3.611638344729,3.611638450621,3.617184069859,0.040102887,0.112472097,-0.040923225,-0.040923104,1
114,32789809,32789810,3.619360099631,3.619360206507,3.624925721712,0.040048980,0.111768861,-0.040870391,-0.040870269,1
115,32568095,32568096,3.627199932998,3.627200040858,3.632601738491,0.039812296,0.111257841,-0.040607721,-0.040607597,1
116,32348032,32348033,3.634793301955,3.634793410799,3.640213232980,0.039758470,0.110573213,-0.040554789,-0.040554664,1
117,32132869,32132870,3.642501644815,3.642501754643,3.647761289802,0.039527128,0.110075164,-0.040298181,-0.040298055,1
118,31919281,31919282,3.649970717041,3.649970827854,3.655246966363,0.039473554,0.109408233,-0.040245357,-0.040245230,1
119,31710372,31710373,3.657551935515,3.657552047313,3.662671293758,0.039247343,0.108922649,-0.039994568,-0.039994439,1
120,31502968,31502969,3.664900904095,3.664901016877,3.670035277639,0.039193879,0.108272857,-0.039941697,-0.039941568,1
121,31300034,31300035,3.672359147813,3.672359261580,3.677339899044,0.038972600,0.107799254,-0.039696497,-0.039696367,1
122,31098539,31098540,3.679591828032,3.679591942784,3.684586115198,0.038919285,0.107165900,-0.039643633,-0.039643502,1
123,30901317,30901318,3.686930968389,3.686931084125,3.691774860278,0.038702829,0.106703744,-0.039403898,-0.039403765,1
124,30705472,30705473,3.694050949989,3.694051066710,3.698907046150,0.038649746,0.106086118,-0.039351141,-0.039351008,1
125,30513715,30513716,3.701274732671,3.701274850378,3.705983563071,0.038437950,0.105634960,-0.039116684,-0.039116549,1
126,30323277,30323278,3.708285532600,3.708285651292,3.713005280374,0.038385081,0.105032485,-0.039064021,-0.039063886,1
127,30136753,30136754,3.715397610903,3.715397730581,3.719973047114,0.038177711,0.104591980,-0.038834572,-0.038834435,1
128,29951492,29951493,3.722302463542,3.722302584205,3.726887692699,0.038125159,0.104003988,-0.038782129,-0.038781991,1
129,29769982,29769983,3.729306296675,3.729306418325,3.733750027491,0.037922015,0.103573785,-0.038557459,-0.038557320,1
130,29589682,29589683,3.736108400511,3.736108523146,3.740560843386,0.037869769,0.102999752,-0.038505228,-0.038505088,1
131,29412978,29412979,3.743007131585,3.743007255206,3.747320914373,0.037670824,0.102579358,-0.038285305,-0.038285164,1
132,29237435,29237436,3.749709531309,3.749709655917,3.754030997067,0.037618882,0.102018775,-0.038233290,-0.038233147,1
133,29065342,29065343,3.756506344376,3.756506469969,3.760691831234,0.037423926,0.101607900,-0.038017874,-0.038017731,1
134,28894363,28894364,3.763111920169,3.763112046748,3.767304140279,0.037372319,0.101060254,-0.037966114,-0.037965970,1
135,28726696,28726697,3.769809780459,3.769809908025,3.773868631734,0.037181233,0.100658546,-0.037755070,-0.037754924,1
136,28560099,28560100,3.776321352322,3.776321480874,3.780385997713,0.037129923,0.100123411,-0.037703528,-0.037703381,1
137,28396683,28396684,3.782923102835,3.782923232374,3.786856915365,0.036942588,0.099730540,-0.037496716,-0.037496569,1
138,28234295,28234296,3.789343274142,3.789343404667,3.793282047295,0.036891636,0.099207417,-0.037445467,-0.037445318,1
139,28074964,28074965,3.795851599008,3.795851730520,3.799662041987,0.036707974,0.098823032,-0.037242800,-0.037242650,1
140,27916622,27916623,3.802182975109,3.802183107608,3.805997534194,0.036657328,0.098311556,-0.037191786,-0.037191635,1
141,27761220,27761221,3.808600620288,3.808600753774,3.812289145332,0.036477090,0.097935495,-0.036992981,-0.036992828,1
142,27606768,27606769,3.814845501290,3.814845635763,3.818537483847,0.036426894,0.097435121,-0.036942372,-0.036942219,1
143,27455145,27455146,3.821174826080,3.821174961539,3.824743145575,0.036250117,0.097066960,-0.036747468,-0.036747314,1
144,27304437,27304438,3.827335681993,3.827335818440,3.830906714088,0.036200247,0.096577433,-0.036697127,-0.036696971,1
145,27156452,27156453,3.833579132305,3.833579269740,3.837028761033,0.036026782,0.096216948,-0.036505954,-0.036505797,1
146,27009348,27009349,3.839658144962,3.839658283383,3.843109846448,0.035977305,0.095737835,-0.036455961,-0.036455804,1
147,26864867,26864868,3.845818058356,3.845818197765,3.849150519083,0.035807019,0.095384804,-0.036268368,-0.036268210,1
148,26721235,26721236,3.851817460462,3.851817600859,3.855151316696,0.035757865,0.094915830,-0.036218646,-0.036218486,1
149,26580130,26580131,3.857895992980,3.857896134364,3.861112766346,0.035590719,0.094569953,-0.036034588,-0.036034427,1
150,26439843,26439844,3.863817716203,3.863817858575,3.867035384679,0.035542030,0.094110642,-0.035985302,-0.035985140,1
151,26301993,26301994,3.869817042244,3.869817185603,3.872919678197,0.035377884,0.093771733,-0.035804620,-0.035804457,1
152,26164932,26164933,3.875663199919,3.875663344267,3.878766143524,0.035329542,0.093321887,-0.035755639,-0.035755475,1
153,26030222,26030223,3.881585435404,3.881585580740,3.884575267662,0.035168237,0.092989796,-0.035578150,-0.035577985,1
154,25896273,25896274,3.887357959044,3.887358105367,3.890347528239,0.035120228,0.092549124,-0.035529462,-0.035529295,1
155,25764591,25764592,3.893204776260,3.893204923572,3.896083393746,0.034961972,0.092223344,-0.035355403,-0.035355236,1
156,25633645,25633646,3.898905461511,3.898905609811,3.901783323770,0.034914347,0.091791506,-0.035307066,-0.035306898,1
157,25504889,25504890,3.904679164333,3.904679313621,3.907447769222,0.034758646,0.091472247,-0.035135877,-0.035135707,1
158,25376842,25376843,3.910309723964,3.910309874240,3.913077172549,0.034711468,0.091048900,-0.035087966,-0.035087796,1
159,25250910,25250911,3.916011827778,3.916011979042,3.918671967947,0.034558551,0.090735660,-0.034919904,-0.034919733,1
160,25125664,25125665,3.921574087136,3.921574239388,3.924232581569,0.034511704,0.090320653,-0.034872293,-0.034872120,1
161,25002461,25002462,3.927206396239,3.927206549480,3.929759431717,0.034361445,0.090013296,-0.034707216,-0.034707042,1
162,24879921,24879922,3.932701889668,3.932702043899,3.935252929037,0.034315044,0.089606257,-0.034660035,-0.034659860,1
163,24759357,24759358,3.938266250932,3.938266406151,3.940713476705,0.034167215,0.089304761,-0.034497683,-0.034497507,1
164,24639434,24639435,3.943696720929,3.943696877136,3.946141470606,0.034121106,0.088905599,-0.034450760,-0.034450582,1
165,24521421,24521422,3.949194601564,3.949194758760,3.951537299511,0.033975799,0.088609631,-0.034291238,-0.034291060,1
166,24404028,24404029,3.954561420370,3.954561578555,3.956901345247,0.033930142,0.088217950,-0.034244757,-0.034244577,1
167,24288483,24288484,3.959994404233,3.959994563407,3.962233982858,0.033787279,0.087927357,-0.034087975,-0.034087795,1
168,24173538,24173539,3.965299076102,3.965299236265,3.967535580770,0.033742048,0.087542956,-0.034041908,-0.034041727,1
169,24060383,24060384,3.970668912206,3.970669073358,3.972806500941,0.033601331,0.087257813,-0.033887531,-0.033887348,1
170,23947808,23947809,3.975912959814,3.975913121955,3.978047099017,0.033556431,0.086880571,-0.033841771,-0.033841587,1
171,23836965,23836966,3.981220794270,3.981220957400,3.983257724475,0.033418116,0.086600408,-0.033690087,-0.033689902,1
172,23726684,23726685,3.986405465231,3.986405629350,3.988438720763,0.033373676,0.086229985,-0.033644784,-0.033644598,1
173,23618081,23618082,3.991652833065,3.991652998174,3.993590425445,0.033237582,0.085954779,-0.033495588,-0.033495401,1
174,23510023,23510024,3.996779621180,3.996779787278,3.998713170328,0.033193440,0.085591137,-0.033450559,-0.033450370,1
175,23403590,23403591,4.001967835583,4.001968002670,4.003807281596,0.033059563,0.085320695,-0.033303845,-0.033303655,1
176,23297686,23297687,4.007038022365,4.007038190442,4.008873079935,0.033015722,0.084963635,-0.033259096,-0.033258906,1
177,23193357,23193358,4.012168531896,4.012168700962,4.013910880659,0.032883878,0.084697951,-0.033114656,-0.033114465,1
178,23089540,23089541,4.017183207640,4.017183377696,4.018920993824,0.032840492,0.084347135,-0.033070364,-0.033070171,1
179,22987250,22987251,4.022257120018,4.022257291064,4.023903724350,0.032710795,0.084085911,-0.032928327,-0.032928134,1
180,22885458,22885459,4.027217718057,4.027217890092,4.028859372132,0.032667633,0.083741390,-0.032884231,-0.032884036,1
181,22785146,22785147,4.032236332458,4.032236505484,4.033788232148,0.032539967,0.083484567,-0.032744466,-0.032744271,1
182,22685317,22685318,4.037143806964,4.037143980980,4.038690594570,0.032497239,0.083145958,-0.032700804,-0.032700607,1
183,22586925,22586926,4.042108474055,4.042108649060,4.043566744865,0.032371398,0.082893572,-0.032563078,-0.032562880,1
184,22489000,22489001,4.046963830418,4.046964006413,4.048416963896,0.032329224,0.082560589,-0.032519988,-0.032519789,1
185,22392471,22392472,4.051875627515,4.051875804500,4.053241528024,0.032205238,0.082312447,-0.032384334,-0.032384134,1
186,22296396,22296397,4.056680305464,4.056680483439,4.058040709202,0.032163268,0.081985278,-0.032341422,-0.032341221,1
187,22201675,22201676,4.061540228840,4.061540407805,4.062814775066,0.032041214,0.081741145,-0.032207928,-0.032207725,1
188,22107395,22107396,4.066295068729,4.066295248684,4.067563989029,0.031999664,0.081419421,-0.032165439,-0.032165235,1
189,22014431,22014432,4.071104411832,4.071104592777,4.072288610371,0.031879288,0.081179399,-0.032033816,-0.032033611,1
190,21921894,21921895,4.075810376952,4.075810558888,4.076988894320,0.031838218,0.080862910,-0.031991819,-0.031991613,1
191,21830636,21830637,4.080570036853,4.080570219779,4.081665092141,0.031719629,0.080626743,-0.031862192,-0.031861985,1
192,21739794,21739795,4.085228423627,4.085228607544,4.086317451215,0.031678733,0.080315651,-0.031820343,-0.031820135,1
193,21650193,21650194,4.089939274352,4.089939459259,4.090946215121,0.031562034,0.080083095,-0.031692826,-0.031692617,1
194,21560997,21560998,4.094550820053,4.094551005950,4.095551623709,0.031521537,0.079777036,-0.031651380,-0.031651170,1
195,21473008,21473009,4.099214102777,4.099214289665,4.100133913184,0.031406433,0.079548250,-0.031525641,-0.031525430,1
196,21385412,21385413,4.103779731681,4.103779919559,4.104693316171,0.031366342,0.079247082,-0.031484607,-0.031484395,1
197,21298990,21298991,4.108396337492,4.108396526361,4.109230061792,0.031252859,0.079021906,-0.031360677,-0.031360464,1
198,21212951,21212952,4.112917187240,4.112917377100,4.113744375735,0.031212941,0.078725733,-0.031319792,-0.031319578,1
199,21128053,21128054,4.117488041434,4.117488232284,4.118236480324,0.031101046,0.078504074,-0.031197631,-0.031197416,1
200,21043526,21043527,4.121964532196,4.121964724037,4.122706594581,0.031061758,0.078212314,-0.031157413,-0.031157197,1
201,20960111,20960112,4.126490609779,4.126490802610,4.127154934297,0.030951340,0.077994159,-0.031036897,-0.031036679,1
202,20877057,20877058,4.130923978635,4.130924172458,4.131581712091,0.030912296,0.077707075,-0.030996912,-0.030996693,1
203,20795084,20795085,4.135405938142,4.135406132956,4.135987137474,0.030803536,0.077492125,-0.030878244,-0.030878024,1
204,20713464,20713465,4.139797117441,4.139797313245,4.140371416908,0.030764632,0.077209706,-0.030838374,-0.030838153,1
205,20632895,20632896,4.144235891006,4.144236087801,4.144734753868,0.030657411,0.076997962,-0.030721423,-0.030721201,1
206,20552669,20552670,4.148585313239,4.148585511025,4.149077348896,0.030619018,0.076719723,-0.030682087,-0.030681864,1
207,20473468,20473469,4.152981933284,4.152982132062,4.153399399658,0.030513097,0.076511315,-0.030566580,-0.030566355,1
208,20394600,20394601,4.157290522706,4.157290722474,4.157701101001,0.030475070,0.076237290,-0.030527617,-0.030527392,1
209,20316730,20316731,4.161645541184,4.161645741944,4.161982645003,0.030370666,0.076031893,-0.030413799,-0.030413573,1
210,20239185,20239186,4.165914142966,4.165914344717,4.166244221029,0.030332918,0.075762063,-0.030375112,-0.030374885,1
211,20162612,20162613,4.170228434131,4.170228636873,4.170486015778,0.030229905,0.075559698,-0.030262841,-0.030262613,1
212,20086356,20086357,4.174457826000,4.174458029733,4.174708213337,0.030192396,0.075294002,-0.030224385,-0.030224156,1
213,20011046,20011047,4.178731999732,4.178732204456,4.178910995226,0.030090890,0.075094451,-0.030113793,-0.030113562,1
214,19936046,19936047,4.182922900638,4.182923106354,4.183094540449,0.030053618,0.074832790,-0.030075566,-0.030075334,1
215,19861968,19861969,4.187157923316,4.187158130023,4.187259025535,0.029953360,0.074636215,-0.029966360,-0.029966127,1
216,19788191,19788192,4.191310797401,4.191311005099,4.191404624591,0.029916557,0.074378261,-0.029928626,-0.029928392,1
217,19715313,19715314,4.195507183680,4.195507392370,4.195531509340,0.029817720,0.074184394,-0.029821000,-0.029820765,1
218,19642730,19642731,4.199623077781,4.199623287463,4.199639849167,0.029781019,0.073930421,-0.029783344,-0.029783108,1
219,19571023,19571024,4.203781728112,4.203781938785,4.203729811160,0.029683371,0.073739401,-0.029677039,-0.029676802,1
220,19499602,19499603,4.207860828571,4.207861040236,4.207801560154,0.029647244,0.073488845,-0.029639995,-0.029639756,1
221,19429037,19429038,4.211982414819,4.211982627475,4.211855258769,0.029550764,0.073300606,-0.029534986,-0.029534747,1
222,19358751,19358752,4.216025729689,4.216025943337,4.215891067450,0.029514847,0.073053745,-0.029498143,-0.029497902,1
223,19289299,19289300,4.220110699897,4.220110914536,4.219909144506,0.029419721,0.072868012,-0.029394640,-0.029394398,1
224,19220120,19220121,4.224118809586,4.224119025217,4.223909646147,0.029384057,0.072624717,-0.029358048,-0.029357806,1
225,19151755,19151756,4.228168036663,4.228168253286,4.227892726524,0.029290029,0.072441663,-0.029255763,-0.029255519,1
226,19083655,19083656,4.232141305416,4.232141523031,4.231858537761,0.029254864,0.072201605,-0.029219700,-0.029219455,1
227,19016350,19016351,4.236155239315,4.236155457922,4.235807229992,0.029162086,0.072020998,-0.029118802,-0.029118556,1
228,18949305,18949306,4.240094692444,4.240094912043,4.239738951398,0.029126987,0.071784531,-0.029082781,-0.029082534,1
229,18883035,18883036,4.244074016798,4.244074237389,4.243653848237,0.029035359,0.071606390,-0.028983161,-0.028982912,1
230,18817018,18817019,4.247979827129,4.247980048712,4.247552064879,0.029000731,0.071373029,-0.028947638,-0.028947389,1
231,18751759,18751760,4.251925251400,4.251925473974,4.251433743838,0.028910116,0.071197417,-0.028849138,-0.028848888,1
232,18686747,18686748,4.255798278291,4.255798501857,4.255299025806,0.028875663,0.070967385,-0.028813781,-0.028813530,1
233,18622474,18622475,4.259710101389,4.259710325948,4.259148049679,0.028786316,0.070793970,-0.028716691,-0.028716438,1
234,18558443,18558444,4.263550797546,4.263551023097,4.262980952594,0.028752134,0.070567096,-0.028681609,-0.028681355,1
235,18495134,18495135,4.267429803941,4.267430030483,4.266797869952,0.028663814,0.070396048,-0.028585655,-0.028585400,1
236,18432061,18432062,4.271238664392,4.271238891927,4.270598935451,0.028629943,0.070172222,-0.028550893,-0.028550637,1
237,18369693,18369694,4.275085237636,4.275085466163,4.274384281117,0.028542793,0.070003327,-0.028456238,-0.028455981,1
238,18307556,18307557,4.278862807535,4.278863037054,4.278154037323,0.028509210,0.069782502,-0.028421770,-0.028421512,1
239,18246109,18246110,4.282677844242,4.282678074753,4.281908332827,0.028422849,0.069616073,-0.028327987,-0.028327728,1
240,18184886,18184887,4.286424499136,4.286424730639,4.285647294792,0.028389687,0.069398049,-0.028293963,-0.028293703,1
241,18124338,18124339,4.290208273167,4.290208505663,4.289371048814,0.028304345,0.069233791,-0.028201307,-0.028201046,1
242,18064009,18064010,4.293924683865,4.293924917354,4.293079718947,0.028271428,0.069018678,-0.028167532,-0.028167270,1
243,18004339,18004340,4.297677533769,4.297677768250,4.296773427730,0.028187256,0.068856375,-0.028076174,-0.028075911,1
244,17944885,17944886,4.301364449609,4.301364685082,4.300452296211,0.028154321,0.068644373,-0.028042351,-0.028042086,1
245,17886074,17886075,4.305087024896,4.305087261362,4.304116443970,0.028071148,0.068484133,-0.027952099,-0.027951834,1
246,17827473,17827474,4.308744334709,4.308744572167,4.307765989142,0.028038778,0.068274598,-0.027918883,-0.027918617,1
247,17769502,17769503,4.312437133727,4.312437372178,4.311401048444,0.027956572,0.068116392,-0.027829702,-0.027829435,1
248,17711737,17711738,4.316065754482,4.316065993925,4.315021737194,0.027924311,0.067909719,-0.027796583,-0.027796314,1
249,17654588,17654589,4.319729369706,4.319729610142,4.318628169334,0.027842936,0.067753624,-0.027708320,-0.027708050,1
250,17597640,17597641,4.323329602062,4.323329843490,4.322220457454,0.027810934,0.067549605,-0.027675465,-0.027675194,1
251,17541294,17541295,4.326964242102,4.326964484522,4.325798712809,0.027730626,0.067395327,-0.027588385,-0.027588112,1
252,17485145,17485146,4.330536481690,4.330536725103,4.329363045345,0.027698928,0.067193860,-0.027555845,-0.027555572,1
253,17429585,17429586,4.334142696470,4.334142940876,4.332913563717,0.027619571,0.067041459,-0.027469818,-0.027469543,1
254,17374218,17374219,4.337687444720,4.337687690118,4.336450375309,0.027588104,0.066842562,-0.027437513,-0.027437238,1
255,17319428,17319429,4.341265897853,4.341266144245,4.339973586255,0.027509461,0.066692221,-0.027352271,-0.027351994,1
256,17264826,17264827,4.344783524443,4.344783771827,4.343483301454,0.027478275,0.066495790,-0.027320257,-0.027319980,1
257,17210788,17210789,4.348334256950,4.348334505327,4.346979624599,0.027400718,0.066347083,-0.027236219,-0.027235940,1
258,17156935,17156936,4.351825247104,4.351825496474,4.350462658182,0.027369738,0.066153140,-0.027204413,-0.027204133,1
259,17103635,17103636,4.355349162625,4.355349412987,4.353932503526,0.027292768,0.066006515,-0.027121020,-0.027120739,1
260,17050514,17050515,4.358813627226,4.358813878581,4.357389260792,0.027262285,0.065814719,-0.027089746,-0.027089464,1
261,16997935,16997936,4.362310760248,4.362311012596,4.360833029003,0.027186265,0.065669763,-0.027007403,-0.027007120,1
262,16945533,16945534,4.365749690549,4.365749943890,4.364263906059,0.027155676,0.065480665,-0.026975990,-0.026975706,1
263,16893660,16893661,4.369220455165,4.369220709500,4.367681988753,0.027080579,0.065337355,-0.026894668,-0.026894383,1
264,16841960,16841961,4.372633717830,4.372633973157,4.371087372791,0.027050403,0.065150391,-0.026863693,-0.026863407,1
265,16790779,16790780,4.376078665245,4.376078921565,4.374480152804,0.026976055,0.065008853,-0.026783198,-0.026782911,1
266,16739767,16739768,4.379466768708,4.379467026021,4.377860422369,0.026946157,0.064824109,-0.026752512,-0.026752224,1
267,16689263,16689264,4.382886082471,4.382886340777,4.381228274018,0.026872745,0.064684110,-0.026673053,-0.026672764,1
268,16638926,16638927,4.386249684089,4.386249943388,4.384583799261,0.026842833,0.064501831,-0.026642330,-0.026642040,1
269,16589086,16589087,4.389643952955,4.389644213247,4.387927088594,0.026770131,0.064363552,-0.026563653,-0.026563361,1
270,16539409,16539410,4.392983086010,4.392983347296,4.391258231521,0.026740530,0.064183370,-0.026533256,-0.026532964,1
271,16490219,16490220,4.396352532931,4.396352795209,4.394577316561,0.026668668,0.064046636,-0.026455507,-0.026455213,1
272,16441188,16441189,4.399667377509,4.399667640781,4.397884431270,0.026639547,0.063868337,-0.026425629,-0.026425334,1
273,16392636,16392637,4.403012644417,4.403012908682,4.401179662246,0.026568230,0.063733400,-0.026348476,-0.026348180,1
274,16344239,16344240,4.406303803529,4.406304068787,4.404463095154,0.026539330,0.063557201,-0.026318824,-0.026318527,1
275,16296311,16296312,4.409624906136,4.409625172388,4.407734814730,0.026468880,0.063423697,-0.026242631,-0.026242332,1
276,16248536,16248537,4.412892887060,4.412893154305,4.410994904797,0.026440029,0.063249730,-0.026213012,-0.026212712,1
277,16201220,16201221,4.416190269876,4.416190538114,4.414243448282,0.026370333,0.063117730,-0.026137651,-0.026137351,1
278,16154054,16154055,4.419435216857,4.419435486089,4.417480527224,0.026341714,0.062945769,-0.026108272,-0.026107970,1
279,16107338,16107339,4.422709229564,4.422709499788,4.420706222787,0.026272748,0.062815258,-0.026033715,-0.026033413,1
280,16060769,16060770,4.425931457255,4.425931728473,4.423920615277,0.026244367,0.062645259,-0.026004583,-0.026004279,1
281,16014641,16014642,4.429182355651,4.429182627862,4.427123784148,0.026176192,0.062516137,-0.025930900,-0.025930596,1
282,15968658,15968659,4.432382358000,4.432382631205,4.430315808019,0.026147870,0.062348239,-0.025901814,-0.025901508,1
283,15923107,15923108,4.435610579138,4.435610853336,4.433496764681,0.026080361,0.062220594,-0.025828864,-0.025828557,1
284,15877698,15877699,4.438788488888,4.438788764079,4.436666731114,0.026052272,0.062054585,-0.025800020,-0.025799712,1
285,15832713,15832714,4.441994382790,4.441994658975,4.439825783492,0.025985382,0.061928425,-0.025727752,-0.025727443,1
286,15787866,15787867,4.445150239666,4.445150516845,4.442973997202,0.025957789,0.061764007,-0.025699444,-0.025699133,1
287,15743436,15743437,4.448334069274,4.448334347446,4.446111446847,0.025891554,0.061639260,-0.025627896,-0.025627585,1
288,15699142,15699143,4.451468657438,4.451468936604,4.449238206261,0.025863967,0.061476887,-0.025599576,-0.025599264,1
289,15655256,15655257,4.454630601547,4.454630881707,4.452354348520,0.025798501,0.061353404,-0.025528877,-0.025528564,1
290,15611504,15611505,4.457744070611,4.457744351764,4.455459945950,0.025771059,0.061192901,-0.025500702,-0.025500387,1
291,15568152,15568153,4.460884503987,4.460884786134,4.458555070139,0.025706273,0.061070736,-0.025430751,-0.025430436,1
292,15524931,15524932,4.463976918357,4.463977201497,4.461639791946,0.025679196,0.060911850,-0.025402966,-0.025402649,1
293,15482103,15482104,4.467096136504,4.467096420638,4.464714181512,0.025615074,0.060790985,-0.025333747,-0.025333429,1
294,15439404,15439405,4.470168045596,4.470168330724,4.467778308268,0.025588089,0.060633954,-0.025306047,-0.025305729,1
295,15397091,15397092,4.473266552819,4.473266838940,4.470832240948,0.025524402,0.060514586,-0.025237304,-0.025236984,1
296,15354904,15354905,4.476318148555,4.476318435671,4.473876047593,0.025497590,0.060359297,-0.025209780,-0.025209459,1
297,15313095,15313096,4.479395801548,4.479396089657,4.476909795565,0.025434751,0.060240980,-0.025141973,-0.025141651,1
298,15271410,15271411,4.482427196487,4.482427485590,4.479933551553,0.025408266,0.060087248,-0.025114797,-0.025114474,1
299,15230097,15230098,4.485484636888,4.485484926985,4.482947381584,0.025345896,0.059970330,-0.025047504,-0.025047180,1
300,15188905,15188906,4.488496158259,4.488496449349,4.485951351032,0.025319671,0.059818189,-0.025020602,-0.025020277,1
301,15148079,15148080,4.491533672104,4.491533964188,4.488945524622,0.025257744,0.059702665,-0.024953793,-0.024953467,1
302,15107371,15107372,4.494525576645,4.494525869722,4.491929966447,0.025231779,0.059552086,-0.024927166,-0.024926838,1
303,15067022,15067023,4.497543085387,4.497543379458,4.494904739966,0.025170626,0.059437594,-0.024861211,-0.024860883,1
304,15026790,15026791,4.500515853380,4.500516148445,4.497869908023,0.025144692,0.059288776,-0.024834602,-0.024834272,1
305,14986910,14986911,4.503513794084,4.503514090144,4.500825532845,0.025084126,0.059175476,-0.024769292,-0.024768961,1
306,14947145,14947146,4.506467546150,4.506467843203,4.503771676057,0.025058348,0.059028264,-0.024742841,-0.024742509,1
307,14907726,14907727,4.509446292263,4.509446590311,4.506708398688,0.024998238,0.058916256,-0.024678031,-0.024677698,1
308,14868419,14868420,4.512381079423,4.512381378465,4.509635761176,0.024972808,0.058770431,-0.024651952,-0.024651618,1
309,14829452,14829453,4.515340640705,4.515340940740,4.512553823379,0.024913383,0.058659458,-0.024587897,-0.024587562,1
310,14790596,14790597,4.518257045417,4.518257346446,4.515462644581,0.024887954,0.058515338,-0.024561804,-0.024561468,1
311,14752074,14752075,4.521197967022,4.521198269045,4.518362283500,0.024828905,0.058405682,-0.024498159,-0.024497822,1
312,14713660,14713661,4.524095910959,4.524096213976,4.521252798292,0.024803789,0.058262930,-0.024472399,-0.024472061,1
313,14675574,14675575,4.527018073266,4.527018377278,4.524134246565,0.024745465,0.058154215,-0.024409554,-0.024409214,1
314,14637595,14637596,4.529898017430,4.529898322435,4.527006685377,0.024720427,0.058013036,-0.024383868,-0.024383527,1
315,14599938,14599939,4.532801844110,4.532802150109,4.529870171252,0.024662631,0.057905433,-0.024321601,-0.024321259,1
316,14562386,14562387,4.535663887701,4.535664194695,4.532724760180,0.024637797,0.057765678,-0.024296127,-0.024295784,1
317,14525150,14525151,4.538549438622,4.538549746609,4.535570507625,0.024580690,0.057659000,-0.024234620,-0.024234276,1
318,14488018,14488019,4.541393927040,4.541394236022,4.538407468535,0.024555934,0.057520768,-0.024209218,-0.024208873,1
319,14451196,14451197,4.544261510240,4.544261820216,4.541235697344,0.024499425,0.057415081,-0.024148369,-0.024148023,1
320,14414477,14414478,4.547088734026,4.547089044997,4.544055247983,0.024474671,0.057278423,-0.024122956,-0.024122609,1
321,14378062,14378063,4.549938602675,4.549938914639,4.546866173880,0.024418722,0.057173740,-0.024062721,-0.024062373,1
322,14341748,14341749,4.552748484528,4.552748797486,4.549668527972,0.024394260,0.057038343,-0.024037619,-0.024037270,1
323,14305734,14305735,4.555581149855,4.555581463808,4.552462362709,0.024338567,0.056934943,-0.023977662,-0.023977312,1
324,14269818,14269819,4.558373866548,4.558374181496,4.555247730060,0.024314427,0.056800752,-0.023952905,-0.023952554,1
325,14234197,14234198,4.561189159943,4.561189475885,4.558024681516,0.024259366,0.056698237,-0.023893643,-0.023893291,1
326,14198673,14198674,4.563965149262,4.563965466198,4.560793268102,0.024235315,0.056565462,-0.023868971,-0.023868618,1
327,14163439,14163440,4.566763477065,4.566763794995,4.563553540376,0.024180681,0.056464013,-0.023810177,-0.023809822,1
328,14128300,14128301,4.569522810871,4.569523129796,4.566305548441,0.024156846,0.056332504,-0.023785733,-0.023785377,1
329,14093447,14093448,4.572304531419,4.572304851338,4.569049341945,0.024102479,0.056232259,-0.023727227,-0.023726870,1
330,14058686,14058687,4.575047227592,4.575047548505,4.571784970089,0.024079040,0.056101813,-0.023703210,-0.023702853,1
331,14024207,14024208,4.577812329287,4.577812651195,4.574512481633,0.024025147,0.056002543,-0.023645224,-0.023644865,1
332,13989819,13989820,4.580538996516,4.580539319418,4.577231924900,0.024001687,0.055873556,-0.023621171,-0.023620811,1
333,13955707,13955708,4.583287414743,4.583287738640,4.579943347781,0.023948523,0.055774983,-0.023563989,-0.023563628,1
334,13921686,13921687,4.585998295730,4.585998620621,4.582646797741,0.023924990,0.055647485,-0.023539842,-0.023539480,1
335,13887935,13887936,4.588730237726,4.588730563611,4.585342321825,0.023872536,0.055549608,-0.023483443,-0.023483080,1
336,13854274,13854275,4.591425201212,4.591425528092,4.588029966660,0.023849248,0.055423261,-0.023459554,-0.023459190,1
337,13820880,13820881,4.594141481876,4.594141809750,4.590709778463,0.023796874,0.055326689,-0.023403236,-0.023402870,1
338,13787573,13787574,4.596820673398,4.596821002266,4.593381803044,0.023773866,0.055201435,-0.023379648,-0.023379282,1
339,13754529,13754530,4.599521084852,4.599521414716,4.596046085810,0.023721961,0.055105758,-0.023323844,-0.023323476,1
340,13721570,13721571,4.602184601833,4.602184932691,4.598702671774,0.023699318,0.054981495,-0.023300650,-0.023300281,1
341,13688870,13688871,4.604869213963,4.604869545816,4.601351605553,0.023647991,0.054886585,-0.023245480,-0.023245111,1
342,13656255,13656256,4.607517772383,4.607518105230,4.603992931379,0.023625172,0.054763832,-0.023222078,-0.023221707,1
343,13623894,13623895,4.610186943758,4.610187277600,4.606626693099,0.023574239,0.054669853,-0.023167339,-0.023166967,1
344,13591616,13591617,4.612820222854,4.612820557690,4.609252934181,0.023551739,0.054548096,-0.023144280,-0.023143907,1
345,13559589,13559590,4.615474270847,4.615474606678,4.611871697720,0.023501054,0.054455174,-0.023089811,-0.023089436,1
346,13527643,13527644,4.618092570367,4.618092907193,4.614483026439,0.023478744,0.054334523,-0.023066951,-0.023066576,1
347,13495944,13495945,4.620731435310,4.620731773130,4.617086962695,0.023428537,0.054242410,-0.023013005,-0.023012629,1
348,13464325,13464326,4.623335014777,4.623335353592,4.619683548485,0.023406325,0.054122939,-0.022990243,-0.022989865,1
349,13432948,13432949,4.625958590800,4.625958930609,4.622272825445,0.023356868,0.054031345,-0.022937124,-0.022936745,1
350,13401651,13401652,4.628547669497,4.628548010301,4.624854834861,0.023334700,0.053913089,-0.022914398,-0.022914019,1
351,13370593,13370594,4.631156829908,4.631157171707,4.627429617666,0.023285283,0.053822706,-0.022861316,-0.022860935,1
352,13339612,13339613,4.633731247052,4.633731589846,4.629997214449,0.023263481,0.053705325,-0.022838987,-0.022838605,1
353,13308867,13308868,4.636325807460,4.636326151248,4.632557665458,0.023214449,0.053615789,-0.022786325,-0.022785943,1
354,13278198,13278199,4.638886044600,4.638886389383,4.635111010600,0.023192692,0.053499588,-0.022764035,-0.022763651,1
355,13247760,13247761,4.641465775360,4.641466121138,4.637657289450,0.023144432,0.053410495,-0.022712226,-0.022711841,1
356,13217398,13217399,4.644011933952,4.644012280725,4.640196541252,0.023122775,0.053295401,-0.022690034,-0.022689648,1
357,13187264,13187265,4.646577602460,4.646577950227,4.642728804923,0.023074676,0.053207345,-0.022638397,-0.022638010,1
358,13157204,13157205,4.649109746645,4.649110095407,4.645254119058,0.023053208,0.053093251,-0.022616405,-0.022616017,1
359,13127369,13127370,4.651661395400,4.651661745156,4.647772521930,0.023005380,0.053006106,-0.022565062,-0.022564673,1
360,13097606,13097607,4.654179550001,4.654179900753,4.650284051496,0.022984229,0.052892868,-0.022543412,-0.022543021,1
361,13068065,13068066,4.656717182177,4.656717533923,4.652788745404,0.022936820,0.052806470,-0.022492526,-0.022492135,1
362,13038596,13038597,4.659222038170,4.659222390912,4.655286640988,0.022915443,0.052694616,-0.022470614,-0.022470222,1
363,13009344,13009345,4.661745619594,4.661745973331,4.657777775280,0.022868634,0.052608766,-0.022420389,-0.022419996,1
364,12980163,12980164,4.664236778346,4.664237133078,4.660262185006,0.022847577,0.052497733,-0.022398822,-0.022398428,1
365,12951196,12951197,4.666746590228,4.666746945954,4.662739906595,0.022801233,0.052412552,-0.022349107,-0.022348711,1
366,12922300,12922301,4.669224677944,4.669225034665,4.665210976181,0.022780014,0.052302806,-0.022327349,-0.022326952,1
367,12893614,12893615,4.671720971083,4.671721328799,4.667675429603,0.022734026,0.052218386,-0.022278024,-0.022277626,1
368,12864997,12864998,4.674185513393,4.674185872104,4.670133302410,0.022713262,0.052109297,-0.022256761,-0.022256362,1
369,12836588,12836589,4.676668505186,4.676668864892,4.672584629868,0.022667554,0.052025699,-0.022207740,-0.022207340,1
370,12808247,12808248,4.679120064472,4.679120425173,4.675029446956,0.022646821,0.051917673,-0.022186502,-0.022186101,1
371,12780111,12780112,4.681589941886,4.681590303582,4.677467788373,0.022601346,0.051834932,-0.022137732,-0.022137329,1
372,12752041,12752042,4.684028330682,4.684028693373,4.679899688544,0.022580969,0.051727630,-0.022116880,-0.022116476,1
373,12724173,12724174,4.686484884567,4.686485248253,4.682325181615,0.022536072,0.051645384,-0.022068745,-0.022068340,1
374,12696372,12696373,4.688910970049,4.688911334730,4.684744301464,0.022515319,0.051539523,-0.022047465,-0.022047060,1
375,12668768,12668769,4.691354320508,4.691354686184,4.687157081697,0.022471013,0.051457745,-0.021999981,-0.021999574,1
376,12641230,12641231,4.693767485647,4.693767852318,4.689563555658,0.022450636,0.051352561,-0.021979108,-0.021978700,1
377,12613888,12613889,4.696198454667,4.696198822333,4.691963756426,0.022406231,0.051271926,-0.021931508,-0.021931099,1
378,12586610,12586611,4.698599145015,4.698599513677,4.694357716818,0.022385914,0.051167720,-0.021910692,-0.021910282,1
379,12559524,12559525,4.701017059418,4.701017429074,4.696745469397,0.022342214,0.051087411,-0.021863868,-0.021863457,1
380,12532502,12532503,4.703405323378,4.703405694029,4.699127046469,0.022322038,0.050984088,-0.021843199,-0.021842787,1
381,12505670,12505671,4.705810951162,4.705811322809,4.701502480089,0.022278403,0.050904731,-0.021796440,-0.021796027,1
382,12478900,12478901,4.708186807646,4.708187180288,4.703871802061,0.022258475,0.050802170,-0.021776038,-0.021775624,1
383,12452317,12452318,4.710579778346,4.710580151983,4.706235043942,0.022215401,0.050723257,-0.021729897,-0.021729481,1
384,12425796,12425797,4.712943588411,4.712943963043,4.708592237047,0.022195487,0.050621680,-0.021709499,-0.021709083,1
385,12399459,12399460,4.715324245348,4.715324620975,4.710943412446,0.022152755,0.050543415,-0.021663731,-0.021663314,1
386,12373183,12373184,4.717675969890,4.717676346512,4.713288600972,0.022133015,0.050442648,-0.021643519,-0.021643100,1
387,12347089,12347090,4.720044631847,4.720045009464,4.715627833220,0.022090429,0.050365216,-0.021597906,-0.021597486,1
388,12321055,12321056,4.722384579860,4.722384958473,4.717961139550,0.022070677,0.050265434,-0.021577670,-0.021577249,1
389,12295200,12295201,4.724741162459,4.724741542067,4.720288550092,0.022028440,0.050188617,-0.021532439,-0.021532018,1
390,12269404,12269405,4.727069237786,4.727069618389,4.722610094743,0.022008891,0.050089591,-0.021512420,-0.021511997,1
391,12243784,12243785,4.729413625127,4.729414006726,4.724925803175,0.021967238,0.050013143,-0.021467832,-0.021467408,1
392,12218223,12218224,4.731730082674,4.731730465268,4.727235704834,0.021947754,0.049914998,-0.021447876,-0.021447451,1
393,12192836,12192837,4.734062895501,4.734063279090,4.729539828943,0.021906182,0.049839411,-0.021403371,-0.021402945,1
394,12167506,12167507,4.736367583015,4.736367967600,4.731838204506,0.021887032,0.049741868,-0.021383776,-0.021383349,1
395,12142348,12142349,4.738688653308,4.738689038887,4.734130860306,0.021845823,0.049666846,-0.021339668,-0.021339240,1
396,12117247,12117248,4.740982160143,4.740982546718,4.736417824911,0.021826531,0.049570367,-0.021319908,-0.021319478,1
397,12092315,12092316,4.743291677894,4.743292065464,4.738699126676,0.021785609,0.049495976,-0.021276111,-0.021275681,1
398,12067439,12067440,4.745573799653,4.745574188218,4.740974793743,0.021766491,0.049400234,-0.021256536,-0.021256104,1
399,12042730,12042731,4.747871930269,4.747872319830,4.743244854044,0.021725802,0.049326516,-0.021212992,-0.021212559,1
400,12018076,12018077,4.750142822548,4.750143213104,4.745509335304,0.021706814,0.049231544,-0.021193552,-0.021193118,1
401,11993586,11993587,4.752429316286,4.752429707838,4.747768265042,0.021666717,0.049158128,-0.021150659,-0.021150225,0
402,11969151,11969152,4.754689110083,4.754689502630,4.750021670573,0.021647837,0.049063936,-0.021131331,-0.021130895,0
403,11944878,11944879,4.756964473711,4.756964867253,4.752269579011,0.021607933,0.048991210,-0.021088647,-0.021088210,0
404,11920659,11920660,4.759213277412,4.759213671949,4.754512017270,0.021589161,0.048897788,-0.021069429,-0.021068991,0
405,11896600,11896601,4.761477605518,4.761478001051,4.756749012067,0.021549463,0.048825728,-0.021026968,-0.021026529,0
406,11872594,11872595,4.763715503891,4.763715900419,4.758980589923,0.021530819,0.048733046,-0.021007884,-0.021007444,0
407,11848746,11848747,4.765968867446,4.765969264970,4.761206777164,0.021491360,0.048661607,-0.020965683,-0.020965241,0
408,11824950,11824951,4.768195921636,4.768196320156,4.763427599926,0.021472888,0.048569609,-0.020946781,-0.020946338,0
409,11801310,11801311,4.770438367984,4.770438767498,4.765643084154,0.021433725,0.048498725,-0.020904902,-0.020904458,0
410,11777721,11777722,4.772654615509,4.772655016019,4.767853255603,0.021415489,0.048407335,-0.020886255,-0.020885810,0
411,11754286,11754287,4.774886168360,4.774886569865,4.770058139845,0.021376701,0.048336917,-0.020844785,-0.020844340,0
412,11730902,11730903,4.777092025603,4.777092428104,4.772257762265,0.021358387,0.048246441,-0.020826043,-0.020825596,0
413,11707670,11707671,4.779313089521,4.779313493018,4.774452148065,0.021319669,0.048176783,-0.020784646,-0.020784198,0
414,11684488,11684489,4.781508552694,4.781508957186,4.776641322269,0.021301380,0.048087107,-0.020765924,-0.020765475,0
415,11661455,11661456,4.783718704594,4.783719110081,4.778825309717,0.021263255,0.048017676,-0.020725179,-0.020724729,0
416,11638472,11638473,4.785903745266,4.785904151749,4.781004135075,0.021245119,0.047928662,-0.020706617,-0.020706166,0
417,11615636,11615637,4.788103346398,4.788103753877,4.783177822832,0.021207323,0.047859712,-0.020666232,-0.020665780,0
418,11592850,11592851,4.790278321955,4.790278730430,4.785346397302,0.021189078,0.047771612,-0.020647543,-0.020647089,0
419,11570209,11570210,4.792467717878,4.792468127348,4.787509882627,0.021151362,0.047703382,-0.020607240,-0.020606786,0
420,11547616,11547617,4.794632149081,4.794632559547,4.789668302777,0.021133584,0.047615611,-0.020589061,-0.020588606,0
421,11525167,11525168,4.796811256205,4.796811667666,4.791821681555,0.021096127,0.047547913,-0.020549040,-0.020548583,0
422,11502765,11502766,4.798965458092,4.798965870549,4.793970042593,0.021078594,0.047460682,-0.020531126,-0.020530668,0
423,11480506,11480507,4.801134583606,4.801134997058,4.796113409360,0.021041182,0.047393720,-0.020491149,-0.020490691,0
424,11458293,11458294,4.803278855513,4.803279269961,4.798251805159,0.021023690,0.047307226,-0.020473272,-0.020472812,0
425,11436221,11436222,4.805437875455,4.805438290898,4.800385253128,0.020986539,0.047240775,-0.020433580,-0.020433119,0
426,11414194,11414195,4.807572083569,4.807572500008,4.802513776247,0.020969312,0.047154783,-0.020415989,-0.020415527,0
427,11392306,11392307,4.809720850299,4.809721267734,4.804637397333,0.020932661,0.047088595,-0.020376846,-0.020376383,0
428,11370464,11370465,4.811845673990,4.811846092421,4.806756139046,0.020915110,0.047003685,-0.020358888,-0.020358424,0
429,11348758,11348759,4.813984437602,4.813984857028,4.808870023888,0.020878799,0.046937911,-0.020320117,-0.020319651,0
430,11327098,11327099,4.816099706645,4.816100127067,4.810979074205,0.020861184,0.046853815,-0.020302081,-0.020301614,0
431,11305572,11305573,4.818228700514,4.818229121931,4.813083312190,0.020825068,0.046788591,-0.020263520,-0.020263053,0
432,11284091,11284092,4.820334221989,4.820334644402,4.815182759883,0.020807670,0.046705019,-0.020245717,-0.020245249,0
433,11262742,11262743,4.822453239358,4.822453662767,4.817277439171,0.020772043,0.046640043,-0.020207693,-0.020207224,0
434,11241438,11241439,4.824549221054,4.824549645458,4.819367371794,0.020754741,0.046557108,-0.020189989,-0.020189518,0
435,11220265,11220266,4.826658883265,4.826659308665,4.821452579339,0.020719068,0.046492905,-0.020151909,-0.020151437,0
436,11199135,11199136,4.828745091836,4.828745518232,4.823533083249,0.020702179,0.046410279,-0.020134657,-0.020134184,0
437,11178135,11178136,4.830845155686,4.830845583077,4.825608904821,0.020666789,0.046346514,-0.020096885,-0.020096411,0
438,11157178,11157179,4.832922190856,4.832922619244,4.827680065205,0.020649800,0.046264704,-0.020079514,-0.020079039,0
439,11136349,11136350,4.835012820808,4.835013250191,4.829746585410,0.020614610,0.046201449,-0.020041960,-0.020041484,0
440,11115562,11115563,4.837080412773,4.837080843152,4.831808486302,0.020597874,0.046120093,-0.020024862,-0.020024385,0
441,11094902,11094903,4.839161756549,4.839162187924,4.833865788606,0.020562821,0.046057405,-0.019987453,-0.019986975,0
442,11074284,11074285,4.841220477525,4.841220909896,4.835918512908,0.020545847,0.045976986,-0.019970085,-0.019969606,0
443,11053790,11053791,4.843292234729,4.843292668095,4.837966679655,0.020511312,0.045914474,-0.019933246,-0.019932766,0
444,11033338,11033339,4.845341778433,4.845342212795,4.840010309158,0.020494488,0.045834597,-0.019916037,-0.019915556,0
445,11013009,11013010,4.847404495663,4.847404931021,4.842049421592,0.020460006,0.045772720,-0.019879251,-0.019878769,0
446,10992720,10992721,4.849444534081,4.849444970435,4.844084036996,0.020443739,0.045692969,-0.019862653,-0.019862170,0
447,10972554,10972555,4.851498310804,4.851498748153,4.846114175277,0.020409289,0.045631739,-0.019825898,-0.019825414,0
448,10952428,10952429,4.853529808230,4.853530246575,4.848139856210,0.020392694,0.045552991,-0.019808930,-0.019808444,0
449,10932422,10932423,4.855574290801,4.855574730142,4.850161099439,0.020358709,0.045491968,-0.019772685,-0.019772198,0
450,10912455,10912456,4.857596447360,4.857596887697,4.852177924476,0.020342664,0.045413338,-0.019756320,-0.019755832,0
451,10892608,10892609,4.859632140074,4.859632581407,4.854190350707,0.020308717,0.045352942,-0.019720111,-0.019719622,0
452,10872800,10872801,4.861645896497,4.861646338826,4.856198397389,0.020292358,0.045275287,-0.019703391,-0.019702901,0
453,10853109,10853110,4.863672410192,4.863672853517,4.858202083652,0.020258913,0.045215044,-0.019667735,-0.019667244,0
454,10833457,10833458,4.865677371421,4.865677815742,4.860201428502,0.020242711,0.045137885,-0.019651183,-0.019650690,0
455,10813921,10813922,4.867695183830,4.867695629147,4.862196450821,0.020209367,0.045078192,-0.019615633,-0.019615140,0
456,10794423,10794424,4.869691379372,4.869691825684,4.864187169365,0.020193368,0.045001476,-0.019599298,-0.019598804,0
457,10775040,10775041,4.871700512114,4.871700959422,4.866173602772,0.020160177,0.044942272,-0.019563914,-0.019563418,0
458,10755695,10755696,4.873688404002,4.873688852306,4.868155769554,0.020143992,0.044866381,-0.019547367,-0.019546870,0
459,10736463,10736464,4.875688863913,4.875689313213,4.870133688108,0.020111021,0.044807592,-0.019512221,-0.019511723,0
460,10717268,10717269,4.877668004778,4.877668455074,4.872107376708,0.020095171,0.044731999,-0.019496038,-0.019495539,0
461,10698185,10698186,4.879659781916,4.879660233208,4.874076853513,0.020062502,0.044673536,-0.019461223,-0.019460723,0
462,10679139,10679140,4.881630606210,4.881631058498,4.876042136563,0.020046624,0.044598595,-0.019445003,-0.019444502,0
463,10660203,10660204,4.883613675842,4.883614129126,4.878003243783,0.020014354,0.044540355,-0.019410624,-0.019410122,0
464,10641304,10641305,4.885576154920,4.885576609201,4.879960192983,0.019998547,0.044465960,-0.019394477,-0.019393974,0
465,10622514,10622515,4.887550931801,4.887551387077,4.881913001858,0.019966332,0.044408281,-0.019360154,-0.019359650,0
466,10603760,10603761,4.889505022226,4.889505478498,4.883861687993,0.019950710,0.044334312,-0.019344206,-0.019343701,0
467,10585114,10585115,4.891471455021,4.891471912289,4.885806268856,0.019918670,0.044277065,-0.019310073,-0.019309566,0
468,10566504,10566505,4.893417555823,4.893418014087,4.887746761809,0.019902904,0.044203846,-0.019293959,-0.019293451,0
469,10548000,10548001,4.895375578399,4.895376037659,4.889683184101,0.019871175,0.044146889,-0.019260164,-0.019259656,0
470,10529532,10529533,4.897313619529,4.897314079786,4.891615552872,0.019855403,0.044074274,-0.019244038,-0.019243528,0
471,10511168,10511169,4.899263149955,4.899263611207,4.893543885154,0.019824134,0.044017453,-0.019210749,-0.019210238,0
472,10492840,10492841,4.901193045564,4.901193507812,4.895468197873,0.019808509,0.043945282,-0.019194779,-0.019194268,0
473,10474616,10474617,4.903134912594,4.903135375839,4.897388507846,0.019776939,0.043889350,-0.019161152,-0.019160639,0
474,10456426,10456427,4.905056563023,4.905057027264,4.899304831786,0.019761628,0.043817451,-0.019145524,-0.019145010,0
475,10438339,10438340,4.906990197845,4.906990663082,4.901217186301,0.019730392,0.043761768,-0.019112262,-0.019111747,0
476,10420286,10420287,4.908903952865,4.908904419097,4.903125587895,0.019715111,0.043690419,-0.019096661,-0.019096145,0
477,10402335,10402336,4.910829699340,4.910830166568,4.905030052970,0.019683930,0.043635256,-0.019063456,-0.019062939,0
478,10384417,10384418,4.912735432657,4.912735900882,4.906930597825,0.019668870,0.043564259,-0.019048094,-0.019047576,0
479,10366600,10366601,4.914653156587,4.914653625808,4.908827238656,0.019637944,0.043509412,-0.019015166,-0.019014647,0
480,10348816,10348817,4.916551196315,4.916551666532,4.910719991562,0.019622841,0.043439024,-0.018999751,-0.018999231,0
481,10331131,10331132,4.918460748687,4.918461219900,4.912608872541,0.019592381,0.043384275,-0.018967336,-0.018966814,0
482,10313479,10313480,4.920350941888,4.920351414098,4.914493897491,0.019577452,0.043314274,-0.018952107,-0.018951585,0
483,10295926,10295927,4.922253104285,4.922253577491,4.916375082214,0.019546741,0.043260335,-0.018919409,-0.018918885,0
484,10278405,10278406,4.924135758400,4.924136232602,4.918252442413,0.019531741,0.043190961,-0.018904096,-0.018903572,0
485,10260981,10260982,4.926029885935,4.926030361133,4.920125993697,0.019501486,0.043137117,-0.018871898,-0.018871372,0
486,10243589,10243590,4.927904822369,4.927905298563,4.921995751576,0.019486655,0.043068124,-0.018856767,-0.018856240,0
487,10226293,10226294,4.929791201742,4.929791678932,4.923861731469,0.019456631,0.043014596,-0.018824820,-0.018824292,0
488,10209029,10209030,4.931658705260,4.931659183446,4.925723948698,0.019441746,0.042946200,-0.018809623,-0.018809094,0
489,10191859,10191860,4.933537136137,4.933537615320,4.927582418493,0.019412212,0.042892723,-0.018778215,-0.018777685,0
490,10174721,10174722,4.935397002476,4.935397482654,4.929437155992,0.019397538,0.042824654,-0.018763246,-0.018762715,0
491,10157677,10157678,4.937268231047,4.937268712222,4.931288176240,0.019367810,0.042771906,-0.018731619,-0.018731086,0
492,10140664,10140665,4.939120724280,4.939121206451,4.933135494192,0.019353142,0.042704365,-0.018716650,-0.018716117,0
493,10123744,10123745,4.940984529515,4.940985012683,4.934979124713,0.019323500,0.042652061,-0.018685114,-0.018684579,0
494,10106854,10106855,4.942829420698,4.942829904862,4.936819082577,0.019309125,0.042584753,-0.018670466,-0.018669930,0
495,10090057,10090058,4.944686050899,4.944686536059,4.938655382470,0.019279379,0.042533077,-0.018638810,-0.018638273,0
496,10073289,10073290,4.946523582409,4.946524068565,4.940488038991,0.019265115,0.042466181,-0.018624278,-0.018623740,0
497,10056612,10056613,4.948372303710,4.948372790863,4.942317066649,0.019236057,0.042414336,-0.018593379,-0.018592840,0
498,10039965,10039966,4.950202708068,4.950203196217,4.944142479868,0.019221727,0.042348021,-0.018578769,-0.018578229,0
499,10023408,10023409,4.952044232226,4.952044721371,4.945964292986,0.019192702,0.042296657,-0.018547903,-0.018547362,0
500,10006881,10006882,4.953867735085,4.953868225227,4.947782520255,0.019178138,0.042231088,-0.018533029,-0.018532487,0
501,9990442,9990443,4.955701790691,4.955702281828,4.949597175844,0.019149474,0.042179871,-0.018502558,-0.018502015,0
502,9974033,9974034,4.957518116706,4.957518608840,4.951408273835,0.019135008,0.042114710,-0.018487787,-0.018487242,0
503,9957711,9957712,4.959344909640,4.959345402771,4.953215828230,0.019106556,0.042063786,-0.018457546,-0.018457000,0
504,9941418,9941419,4.961153768624,4.961154262750,4.955019852945,0.019092533,0.041998682,-0.018443259,-0.018442713,0
505,9925213,9925214,4.962973991026,4.962974486148,4.956820361817,0.019063655,0.041948682,-0.018412544,-0.018411996,0
506,9909035,9909036,4.964775575060,4.964776071179,4.958617368599,0.019049937,0.041883768,-0.018398590,-0.018398042,0
507,9892944,9892945,4.966588426822,4.966588923938,4.960410886966,0.019021488,0.041833832,-0.018368345,-0.018367795,0
508,9876881,9876882,4.968383416235,4.968383914347,4.962200930511,0.019007451,0.041769730,-0.018354033,-0.018353482,0
509,9860903,9860904,4.970189074643,4.970189573751,4.963987512747,0.018979308,0.041719977,-0.018324121,-0.018323570,0
510,9844953,9844954,4.971977148654,4.971977648759,4.965770647110,0.018965325,0.041656306,-0.018309864,-0.018309311,0
511,9829087,9829088,4.973775782119,4.973776283220,4.967550346957,0.018937372,0.041606846,-0.018280159,-0.018279605,0
512,9813249,9813250,4.975557107193,4.975557609291,4.969326625566,0.018923330,0.041543715,-0.018265832,-0.018265277,0
513,9797494,9797495,4.977348876249,4.977349379343,4.971099496141,0.018895459,0.041494652,-0.018236214,-0.018235658,0
514,9781766,9781767,4.979123106883,4.979123610973,4.972868971806,0.018881756,0.041431659,-0.018222257,-0.018221699,0
515,9766120,9766121,4.980907658102,4.980908163188,4.974635065611,0.018854374,0.041382582,-0.018193175,-0.018192616,0
516,9750502,9750503,4.982675445107,4.982675951190,4.976397790532,0.018840410,0.041320321,-0.018178924,-0.018178365,0
517,9734965,9734966,4.984453425360,4.984453932439,4.978157159467,0.018812920,0.041271820,-0.018149720,-0.018149159,0
518,9719455,9719456,4.986214403485,4.986214911561,4.979913185243,0.018799113,0.041209870,-0.018135637,-0.018135075,0
519,9704025,9704026,4.987985439595,4.987985948667,4.981665880612,0.018771940,0.041161518,-0.018106779,-0.018106216,0
520,9688622,9688623,4.989739737802,4.989740247870,4.983415258252,0.018758210,0.041099953,-0.018092777,-0.018092213,0
521,9673298,9673299,4.991503952796,4.991504463861,4.985161330771,0.018731281,0.041051817,-0.018064185,-0.018063620,0
522,9658001,9658002,4.993251692164,4.993252204225,4.986904110704,0.018717558,0.040990703,-0.018050185,-0.018049619,0
523,9642782,9642783,4.995009201185,4.995009714243,4.988643610513,0.018690807,0.040942845,-0.018021787,-0.018021220,0
524,9627590,9627591,4.996750494903,4.996751008957,4.990379842593,0.018677027,0.040882242,-0.018007720,-0.018007151,0
525,9612475,9612476,4.998501405205,4.998501920256,4.992112819264,0.018650397,0.040834714,-0.017979450,-0.017978881,0
526,9597386,9597387,5.000235842528,5.000236358575,4.993842552781,0.018637019,0.040774158,-0.017965823,-0.017965253,0
527,9582375,9582376,5.001980769524,5.001981286567,4.995569055325,0.018609943,0.040727524,-0.017937057,-0.017936486,0
528,9567388,9567389,5.003708443879,5.003708961919,4.997292339013,0.018596923,0.040667055,-0.017923820,-0.017923248,0
529,9552478,9552479,5.005446444954,5.005446963991,4.999012415891,0.018570391,0.040620319,-0.017895652,-0.017895079,0
530,9537593,9537594,5.007167959916,5.007168479949,5.000729297938,0.018557172,0.040560490,-0.017882191,-0.017881617,0
531,9522784,9522785,5.008899634701,5.008900155731,5.002442997066,0.018530632,0.040514200,-0.017854011,-0.017853435,0
532,9508000,9508001,5.010615071896,5.010615593922,5.004153525120,0.018517181,0.040455040,-0.017840288,-0.017839712,0
533,9493290,9493291,5.012339973057,5.012340496080,5.005860893878,0.018491128,0.040408698,-0.017812642,-0.017812064,0
534,9478605,9478606,5.014048881204,5.014049405223,5.007565115055,0.018477941,0.040349705,-0.017799208,-0.017798629,0
535,9463994,9463995,5.015767595570,5.015768120586,5.009266200299,0.018451834,0.040303847,-0.017771498,-0.017770918,0
536,9449407,9449408,5.017470035524,5.017470561536,5.010964161193,0.018438899,0.040245031,-0.017758337,-0.017757756,0
537,9434894,9434895,5.019182621995,5.019183149003,5.012659009256,0.018412725,0.040199666,-0.017730550,-0.017729968,0
538,9420404,9420405,5.020878646713,5.020879174718,5.014350755945,0.018400033,0.040141032,-0.017717653,-0.017717069,0
539,9405988,9405989,5.022585156291,5.022585685293,5.016039412651,0.018373787,0.040096161,-0.017689782,-0.017689198,0
540,9391595,9391596,5.024275340830,5.024275870829,5.017724990703,0.018360808,0.040038233,-0.017676564,-0.017675979,0
541,9377273,9377274,5.025974755625,5.025975286620,5.019407501370,0.018335552,0.039992790,-0.017649785,-0.017649198,0
542,9362976,9362977,5.027659140135,5.027659672126,5.021086955856,0.018322292,0.039935560,-0.017636250,-0.017635663,0
543,9348749,9348750,5.029352552356,5.029353085343,5.022763365306,0.018296979,0.039890589,-0.017609404,-0.017608816,0
544,9334546,9334547,5.031030637091,5.031031171075,5.024436740801,0.018283980,0.039833509,-0.017596155,-0.017595565,0
545,9320413,9320414,5.032718074037,5.032718609018,5.026107093365,0.018258627,0.039788988,-0.017569260,-0.017568670,0
546,9306303,9306304,5.034389880353,5.034390416331,5.027774433959,0.018245913,0.039732033,-0.017556321,-0.017555729,0
547,9292263,9292264,5.036071361423,5.036071898397,5.029438773487,0.018220543,0.039687935,-0.017529405,-0.017528812,0
548,9278245,9278246,5.037736902771,5.037737440741,5.031100122792,0.018208143,0.039631070,-0.017516808,-0.017516214,0
549,9264297,9264298,5.039412439455,5.039412978423,5.032758492657,0.018182788,0.039587360,-0.017489905,-0.017489310,0
550,9250371,9250372,5.041072261345,5.041072801309,5.034413893810,0.018170199,0.039531085,-0.017477096,-0.017476500,0
551,9236513,9236514,5.042741317267,5.042741858228,5.036066336919,0.018145438,0.039487180,-0.017450846,-0.017450248,0
552,9222678,9222679,5.044395421324,5.044395963282,5.037715832594,0.018132702,0.039431449,-0.017437869,-0.017437270,0
553,9208910,9208911,5.046058531132,5.046059074086,5.039362391389,0.018108043,0.039387839,-0.017411727,-0.017411128,0
554,9195165,9195166,5.047706912072,5.047707456022,5.041006023801,0.018095205,0.039332602,-0.017398635,-0.017398034,0
555,9181486,9181487,5.049364064533,5.049364609480,5.042646740271,0.018070700,0.039289229,-0.017372660,-0.017372059,0
556,9167829,9167830,5.051006163218,5.051006709162,5.044284551182,0.018058363,0.039233883,-0.017360116,-0.017359513,0
557,9154239,9154240,5.052657885134,5.052658432075,5.045919466865,0.018033527,0.039191229,-0.017333772,-0.017333168,0
558,9140670,9140671,5.054294224412,5.054294772349,5.047551497593,0.018021208,0.039136251,-0.017321243,-0.017320639,0
559,9127166,9127167,5.055939395848,5.055939944782,5.049180653585,0.017997201,0.039093153,-0.017295812,-0.017295206,0
560,9113685,9113686,5.057570495637,5.057571045568,5.050806945008,0.017984420,0.039039019,-0.017282770,-0.017282163,0
561,9100268,9100269,5.059210179498,5.059210730425,5.052430381971,0.017960220,0.038996495,-0.017257122,-0.017256514,0
562,9086872,9086873,5.060834905005,5.060835456929,5.054050974532,0.017948153,0.038942027,-0.017244864,-0.017244254,0
563,9073541,9073542,5.062469062401,5.062469615322,5.055668732696,0.017923839,0.038899995,-0.017219086,-0.017218476,0
564,9060231,9060232,5.064088472634,5.064089026551,5.057283666414,0.017911466,0.038846208,-0.017206486,-0.017205875,0
565,9046984,9046985,5.065716503841,5.065717058755,5.058895785585,0.017887676,0.038804026,-0.017181285,-0.017180672,0
566,9033758,9033759,5.067329995118,5.067330551029,5.060505100056,0.017875641,0.038750275,-0.017169053,-0.017168439,0
567,9020596,9020597,5.068952955248,5.068953512155,5.062111619623,0.017851360,0.038708954,-0.017143306,-0.017142692,0
568,9007454,9007455,5.070561026797,5.070561584701,5.063715354030,0.017839201,0.038655696,-0.017130935,-0.017130319,0
569,8994374,8994375,5.072177742390,5.072178301291,5.065316312969,0.017815641,0.038614022,-0.017105980,-0.017105364,0
570,8981315,8981316,5.073780330610,5.073780890508,5.066914506082,0.017803461,0.038561151,-0.017093581,-0.017092964,0
571,8968317,8968318,5.075391289021,5.075391849915,5.068509942963,0.017780174,0.038519569,-0.017068924,-0.017068305,0
572,8955340,8955341,5.076988323388,5.076988885279,5.070102633153,0.017768081,0.038466973,-0.017056618,-0.017055998,0
573,8942424,8942425,5.078594011030,5.078594573917,5.071692586144,0.017744616,0.038425929,-0.017031762,-0.017031141,0
574,8929528,8929529,5.080185414100,5.080185977984,5.073279811381,0.017732727,0.038373490,-0.017019676,-0.017019053,0
575,8916693,8916694,5.081785751562,5.081786316443,5.074864318256,0.017709202,0.038332864,-0.016994751,-0.016994128,0
576,8903878,8903879,5.083372003849,5.083372569727,5.076446116118,0.017697072,0.038281022,-0.016982395,-0.016981771,0
577,8891122,8891123,5.084966337924,5.084966904799,5.078025214262,0.017674178,0.038240120,-0.016958163,-0.016957537,0
578,8878387,8878388,5.086547350132,5.086547918003,5.079601621939,0.017661933,0.038188746,-0.016945677,-0.016945050,0
579,8865710,8865711,5.088136150450,5.088136719318,5.081175348351,0.017639236,0.038147998,-0.016921659,-0.016921032,0
580,8853054,8853055,5.089711826357,5.089712396222,5.082746402652,0.017627010,0.038096955,-0.016909190,-0.016908561,0
581,8840456,8840457,5.091295561605,5.091296132467,5.084314793952,0.017604079,0.038056791,-0.016884910,-0.016884281,0
582,8827877,8827878,5.092865226205,5.092865798064,5.085880531312,0.017592582,0.038005365,-0.016873242,-0.016872611,0
583,8815357,8815358,5.094443790272,5.094444363128,5.087443623745,0.017569557,0.037965639,-0.016848857,-0.016848225,0
584,8802856,8802857,5.096008475218,5.096009049070,5.089004080223,0.017557794,0.037914824,-0.016836891,-0.016836258,0
585,8790413,8790414,5.097581756063,5.097582330912,5.090561909669,0.017534825,0.037875385,-0.016812563,-0.016811929,0
586,8777988,8777989,5.099140771497,5.099141347344,5.092117120959,0.017523520,0.037824452,-0.016801099,-0.016800464,0
587,8765621,8765622,5.100708648159,5.100709225002,5.093669722929,0.017500762,0.037785142,-0.016777002,-0.016776366,0
588,8753273,8753274,5.102263022843,5.102263600683,5.095219724366,0.017488922,0.037735082,-0.016764945,-0.016764307,0
589,8740981,8740982,5.103825368427,5.103825947264,5.096767134015,0.017466537,0.037695735,-0.016741255,-0.016740617,0
590,8728708,8728709,5.105374397652,5.105374977486,5.098311960575,0.017454902,0.037645806,-0.016729420,-0.016728780,0
591,8716491,8716492,5.106931657173,5.106932238003,5.099854212702,0.017432479,0.037606830,-0.016705686,-0.016705046,0
592,8704292,8704293,5.108475204148,5.108475785975,5.101393899010,0.017421220,0.037556857,-0.016694261,-0.016693620,0
593,8692149,8692150,5.110027238846,5.110027821670,5.102931028066,0.017398932,0.037518077,-0.016670674,-0.016670031,0
594,8680024,8680025,5.111565742676,5.111566326497,5.104465608399,0.017387644,0.037468463,-0.016659213,-0.016658569,0
595,8667955,8667956,5.113112991678,5.113113576496,5.105997648490,0.017365086,0.037430281,-0.016635325,-0.016634680,0
596,8655903,8655904,5.114646305699,5.114646891513,5.107527156782,0.017353948,0.037380842,-0.016624027,-0.016623381,0
597,8643906,8643907,5.116188033560,5.116188620371,5.109054141674,0.017331890,0.037342486,-0.016600686,-0.016600039,0
598,8631927,8631928,5.117716589989,5.117717177797,5.110578611524,0.017320504,0.037293619,-0.016589111,-0.016588463,0
599,8620002,8620003,5.119253224962,5.119253813768,5.112100574646,0.017298549,0.037255482,-0.016565882,-0.016565233,0
600,8608095,8608096,5.120776866261,5.120777456064,5.113620039316,0.017287106,0.037206993,-0.016554240,-0.016553590,0
601,8596241,8596242,5.122308244851,5.122308835650,5.115137013767,0.017265451,0.037168875,-0.016531339,-0.016530688,0
602,8584405,8584406,5.123826805551,5.123827397347,5.116651506193,0.017254149,0.037120564,-0.016519849,-0.016519197,0
603,8572622,8572623,5.125353349122,5.125353941914,5.118163524745,0.017232405,0.037082851,-0.016496848,-0.016496194,0
604,8560856,8560857,5.126866656820,5.126867250610,5.119673077535,0.017221448,0.037034510,-0.016485735,-0.016485080,0
605,8549143,8549144,5.128388190996,5.128388785782,5.121180172637,0.017199823,0.036996994,-0.016462861,-0.016462205,0
606,8537447,8537448,5.129896661140,5.129897256924,5.122684818082,0.017188828,0.036949004,-0.016451702,-0.016451045,0
607,8525804,8525805,5.131413601392,5.131414198172,5.124187021864,0.017166937,0.036912065,-0.016428532,-0.016427875,0
608,8514177,8514178,5.132917051696,5.132917649473,5.125686791936,0.017156118,0.036864208,-0.016417565,-0.016416906,0
609,8502602,8502603,5.134428614989,5.134429213764,5.127184136215,0.017134776,0.036827029,-0.016394997,-0.016394337,0
610,8491044,8491045,5.135927454007,5.135928053779,5.128679062577,0.017123756,0.036779682,-0.016383805,-0.016383144,0
611,8479538,8479539,5.137434645699,5.137435246468,5.130171578859,0.017101989,0.036743234,-0.016360766,-0.016360104,0
612,8468048,8468049,5.138928681259,5.138929283024,5.131661692862,0.017090991,0.036696170,-0.016349594,-0.016348931,0
613,8456608,8456609,5.140430101679,5.140430704441,5.133149412348,0.017070230,0.036659021,-0.016327661,-0.016326997,0
614,8445186,8445187,5.141919735437,5.141920339196,5.134634745041,0.017058883,0.036612607,-0.016316102,-0.016315437,0
615,8433813,8433814,5.143416383044,5.143416987800,5.136117698629,0.017038159,0.036575722,-0.016294207,-0.016293541,0
616,8422457,8422458,5.144900806191,5.144901411944,5.137598280761,0.017027304,0.036529118,-0.016283186,-0.016282518,0
617,8411151,8411152,5.146393077718,5.146393684468,5.139076499051,0.017006251,0.036492860,-0.016260926,-0.016260258,0
618,8399861,8399862,5.147872683017,5.147873290764,5.140552361074,0.016995523,0.036446425,-0.016250042,-0.016249373,0
619,8388621,8388622,5.149360366493,5.149360975237,5.142025874371,0.016974384,0.036410550,-0.016227685,-0.016227014,0
620,8377397,8377398,5.150835545752,5.150836155493,5.143497046445,0.016963423,0.036364644,-0.016216540,-0.016215868,0
621,8366221,8366222,5.152317811527,5.152318422265,5.144965884764,0.016943056,0.036328290,-0.016195031,-0.016194358,0
622,8355062,8355063,5.153788342861,5.153788954596,5.146432396760,0.016932113,0.036282659,-0.016183903,-0.016183229,0
623,8343951,8343952,5.155266184564,5.155266797296,5.147896589829,0.016911555,0.036246788,-0.016162181,-0.016161506,0
624,8332856,8332857,5.156731840145,5.156732453875,5.149358471333,0.016900886,0.036201172,-0.016151352,-0.016150676,0
625,8321809,8321810,5.158205027974,5.158205642701,5.150818048597,0.016880396,0.036165522,-0.016129702,-0.016129025,0
626,8310778,8310779,5.159666187759,5.159666803483,5.152275328912,0.016869651,0.036120270,-0.016118786,-0.016118108,0
627,8299795,8299796,5.161135101689,5.161135718409,5.153730319536,0.016848878,0.036085191,-0.016096821,-0.016096142,0
628,8288827,8288828,5.162591527953,5.162592145670,5.155183027690,0.016838324,0.036040034,-0.016086113,-0.016085432,0
629,8277906,8277907,5.164055309569,5.164055928283,5.156633460563,0.016818154,0.036004635,-0.016064810,-0.016064128,0
630,8267001,8267002,5.165507375362,5.165507995074,5.158081625308,0.016807446,0.035959915,-0.016053929,-0.016053246,0
631,8256142,8256143,5.166966393744,5.166967014452,5.159527529045,0.016787539,0.035924535,-0.016032913,-0.016032230,0
632,8245299,8245300,5.168413850447,5.168414472153,5.160971178861,0.016776954,0.035879973,-0.016022164,-0.016021479,0
633,8234503,8234504,5.169869096416,5.169869719118,5.162412581810,0.016756348,0.035845573,-0.016000376,-0.015999690,0
634,8223721,8223722,5.171311689462,5.171312313161,5.163851744911,0.016746169,0.035800884,-0.015990070,-0.015989383,0
635,8212986,8212987,5.172762285766,5.172762910462,5.165288675153,0.016725767,0.035766555,-0.015968505,-0.015967817,0
636,8202265,8202266,5.174200377342,5.174201003036,5.166723379489,0.016715659,0.035722072,-0.015958275,-0.015957586,0
637,8191590,8191591,5.175646059495,5.175646686186,5.168155864841,0.016695756,0.035687521,-0.015937256,-0.015936565,0
638,8180930,8180931,5.177080010827,5.177080638515,5.169586138100,0.016685385,0.035643575,-0.015926733,-0.015926042,0
639,8170316,8170317,5.178521764769,5.178522393454,5.171014206123,0.016665020,0.035609758,-0.015905203,-0.015904511,0
640,8159716,8159717,5.179951308429,5.179951938111,5.172440075736,0.016654681,0.035566052,-0.015894713,-0.015894019,0
641,8149160,8149161,5.181387603398,5.181388234077,5.173863753732,0.016635414,0.035531410,-0.015874389,-0.015873694,0
642,8138620,8138621,5.182813093699,5.182813725376,5.175285246874,0.016624780,0.035488268,-0.015863570,-0.015862874,0
643,8128124,8128125,5.184245541393,5.184246174066,5.176704561894,0.016605024,0.035454383,-0.015842706,-0.015842009,0
644,8117642,8117643,5.185666067334,5.185666701004,5.178121705491,0.016595032,0.035410867,-0.015832591,-0.015831894,0
645,8107205,8107206,5.187094387447,5.187095022114,5.179536684334,0.016575095,0.035377429,-0.015811525,-0.015810826,0
646,8096782,8096783,5.188510930094,5.188511565759,5.180949505063,0.016564791,0.035334491,-0.015801064,-0.015800364,0
647,8086402,8086403,5.189934199708,5.189934836369,5.182360174284,0.016545622,0.035300549,-0.015780841,-0.015780140,0
648,8076037,8076038,5.191346469830,5.191347107489,5.183768698575,0.016535321,0.035257871,-0.015770381,-0.015769679,0
649,8065715,8065716,5.192765667068,5.192766305724,5.185175084484,0.016515969,0.035224376,-0.015749953,-0.015749250,0
650,8055407,8055408,5.194173369480,5.194174009133,5.186579338527,0.016505992,0.035181635,-0.015739847,-0.015739143,0
651,8045142,8045143,5.195588197180,5.195588837830,5.187981467192,0.016486779,0.035148261,-0.015719570,-0.015718865,0
652,8034892,8034893,5.196992312048,5.196992953695,5.189381476937,0.016476172,0.035106410,-0.015708767,-0.015708061,0
653,8024683,8024684,5.198402467095,5.198403109740,5.190779374191,0.016457427,0.035072826,-0.015689003,-0.015688295,0
654,8014489,8014490,5.199802049671,5.199802693312,5.192175165351,0.016447161,0.035030892,-0.015678572,-0.015677863,0
655,8004337,8004338,5.201208509284,5.201209153923,5.193568856790,0.016427931,0.034998049,-0.015658272,-0.015657563,0
656,7994198,7994199,5.202603247524,5.202603893160,5.194960454846,0.016418343,0.034955692,-0.015648584,-0.015647874,0
657,7984102,7984103,5.204005701669,5.204006348302,5.196349965833,0.016398964,0.034923252,-0.015628119,-0.015627407,0
658,7974019,7974020,5.205396570842,5.205397218472,5.197737396035,0.016389103,0.034881421,-0.015618128,-0.015617415,0
659,7963978,7963979,5.206794703531,5.206795352158,5.199122751707,0.016369917,0.034849041,-0.015597872,-0.015597158,0
660,7953950,7953951,5.208181385667,5.208182035292,5.200506039076,0.016360126,0.034807391,-0.015587955,-0.015587240,0
661,7943963,7943964,5.209574872963,5.209575523585,5.201887264340,0.016341481,0.034774720,-0.015568292,-0.015567576,0
662,7933990,7933991,5.210957693767,5.210958345386,5.203266433672,0.016331459,0.034733551,-0.015558119,-0.015557402,0
663,7924058,7924059,5.212347510014,5.212348162631,5.204643553215,0.016312405,0.034701538,-0.015538003,-0.015537285,0
664,7914139,7914140,5.213726142600,5.213726796213,5.206018629085,0.016302504,0.034660495,-0.015527959,-0.015527240,0
665,7904260,7904261,5.215111304322,5.215111958932,5.207391667369,0.016284048,0.034628130,-0.015508500,-0.015507780,0
666,7894395,7894396,5.216486068464,5.216486724071,5.208762674130,0.016273972,0.034587508,-0.015498261,-0.015497539,0
667,7884569,7884570,5.217866891461,5.217867548067,5.210131655402,0.016255824,0.034555080,-0.015479138,-0.015478415,0
668,7874757,7874758,5.219237449361,5.219238106963,5.211498617192,0.016245933,0.034514516,-0.015469101,-0.015468377,0
669,7864985,7864986,5.220614907065,5.220615565665,5.212863565480,0.016227143,0.034482973,-0.015449268,-0.015448543,0
670,7855225,7855226,5.221980914967,5.221981574564,5.214226506221,0.016217807,0.034442097,-0.015439838,-0.015439112,0
671,7845505,7845506,5.223354005037,5.223354665631,5.215587445342,0.016199399,0.034410412,-0.015420425,-0.015419698,0
672,7835798,7835799,5.224716433420,5.224717095012,5.216946388745,0.016189670,0.034370168,-0.015410560,-0.015409832,0
673,7826130,7826131,5.226085465754,5.226086128342,5.218303342304,0.016171360,0.034338625,-0.015391252,-0.015390523,0
674,7816475,7816476,5.227443964934,5.227444628520,5.219658311869,0.016161611,0.034298639,-0.015381362,-0.015380632,0
675,7806859,7806860,5.228809248459,5.228809913042,5.221011303264,0.016143112,0.034267522,-0.015361843,-0.015361112,0
676,7797255,7797256,5.230163461797,5.230164127377,5.222362322285,0.016133723,0.034227413,-0.015352347,-0.015351615,0
677,7787690,7787691,5.231524637893,5.231525304470,5.223711374706,0.016115417,0.034196338,-0.015333039,-0.015332305,0
678,7778137,7778138,5.232874868370,5.232875535945,5.225058466272,0.016106108,0.034156384,-0.015323627,-0.015322893,0
679,7768623,7768624,5.234232240033,5.234232908605,5.226403602707,0.016087714,0.034125630,-0.015304221,-0.015303485,0
680,7759121,7759122,5.235578790658,5.235579460227,5.227746789706,0.016078204,0.034086109,-0.015294586,-0.015293849,0
681,7749657,7749658,5.236931990343,5.236932660909,5.229088032941,0.016060114,0.034055285,-0.015275511,-0.015274773,0
682,7740205,7740206,5.238274491589,5.238275163153,5.230427338060,0.016050796,0.034015803,-0.015266084,-0.015265345,0
683,7730791,7730792,5.239623816357,5.239624488918,5.231764710684,0.016032734,0.033985181,-0.015247037,-0.015246298,0
684,7721389,7721390,5.240962565299,5.240963238857,5.233100156411,0.016023332,0.033946011,-0.015237516,-0.015236776,0
685,7712024,7712025,5.242307637683,5.242308312238,5.234433680814,0.016005698,0.033915189,-0.015218939,-0.015218197,0
686,7702672,7702673,5.243642930422,5.243643605975,5.235765289444,0.015995939,0.033876605,-0.015209022,-0.015208279,0
687,7693356,7693357,5.244984042546,5.244984719096,5.237094987825,0.015978463,0.033845852,-0.015190616,-0.015189872,0
688,7684053,7684054,5.246315497661,5.246316175209,5.238422781458,0.015968750,0.033807447,-0.015180748,-0.015180002,0
689,7674786,7674787,5.247652940678,5.247653619223,5.239748675822,0.015951163,0.033777030,-0.015162216,-0.015161470,0
690,7665531,7665532,5.248980169790,5.248980849332,5.241072676369,0.015941907,0.033738394,-0.015152847,-0.015152100,0
691,7656313,7656314,5.250314233877,5.250314914416,5.242394788531,0.015923939,0.033708580,-0.015133896,-0.015133148,0
692,7647106,7647107,5.251637523187,5.251638204723,5.243715017714,0.015914874,0.033669974,-0.015124736,-0.015123986,0
693,7637935,7637936,5.252967133477,5.252967816011,5.245033369302,0.015897623,0.033639666,-0.015106570,-0.015105820,0
694,7628777,7628778,5.254287450744,5.254288134276,5.246349848656,0.015887804,0.033602036,-0.015096577,-0.015095825,0
695,7619654,7619655,5.255613573016,5.255614257544,5.247664461114,0.015870324,0.033572176,-0.015078159,-0.015077406,0
696,7610542,7610543,5.256929151898,5.256929837424,5.248977211989,0.015861538,0.033533733,-0.015069299,-0.015068545,0
697,7601466,7601467,5.258251382893,5.258252069417,5.250288106575,0.015844254,0.033503895,-0.015051094,-0.015050339,0
698,7592402,7592403,5.259563872734,5.259564560254,5.251597150141,0.015834873,0.033466265,-0.015041577,-0.015040821,0
699,7583373,7583374,5.260882492748,5.260883181266,5.252904347934,0.015817526,0.033436707,-0.015023300,-0.015022543,0
700,7574356,7574357,5.262191488327,5.262192177842,5.254209705178,0.015807975,0.033399462,-0.015013594,-0.015012836,0
701,7565373,7565374,5.263506086170,5.263506776683,5.255513227077,0.015790997,0.033369751,-0.014995721,-0.014994962,0
702,7556402,7556403,5.264811174313,5.264811865823,5.256814918811,0.015781710,0.033332456,-0.014986303,-0.014985543,0
703,7547465,7547466,5.266122023343,5.266122715850,5.258114785538,0.015764849,0.033302843,-0.014968556,-0.014967795,0
704,7538540,7538541,5.267423477419,5.267424170923,5.259412832395,0.015755573,0.033265749,-0.014959148,-0.014958386,0
705,7529649,7529650,5.268730851016,5.268731545518,5.260709064497,0.015738574,0.033236485,-0.014941248,-0.014940485,0
706,7520769,7520770,5.270028248916,5.270028944416,5.262003486937,0.015729753,0.033199149,-0.014932337,-0.014931573,0
707,7511924,7511925,5.271332419486,5.271333115983,5.263296104788,0.015712365,0.033170484,-0.014914007,-0.014913242,0
708,7503089,7503090,5.272626029636,5.272626727130,5.264586923100,0.015703749,0.033133153,-0.014905320,-0.014904553,0
709,7494289,7494290,5.273926571111,5.273927269603,5.265875946902,0.015686418,0.033104640,-0.014887051,-0.014886283,0
710,7485499,7485500,5.275216660960,5.275217360448,5.267163181204,0.015677761,0.033067559,-0.014878315,-0.014877546,0
711,7476743,7476744,5.276513140314,5.276513840800,5.268448630991,0.015660940,0.033038744,-0.014860604,-0.014859834,0
712,7467998,7467999,5.277799976332,5.277800677816,5.269732301230,0.015651993,0.033002158,-0.014851548,-0.014850777,0
713,7459287,7459288,5.279093358539,5.279094061020,5.271014196868,0.015634737,0.032973984,-0.014833357,-0.014832585,0
714,7450586,7450587,5.280376504739,5.280377208217,5.272294322830,0.015625958,0.032937436,-0.014824483,-0.014823709,0
715,7441918,7441919,5.281665647349,5.281666351825,5.273572684019,0.015609428,0.032908741,-0.014807088,-0.014806314,0
716,7433261,7433262,5.282945364259,5.282946069732,5.274849285320,0.015600575,0.032872471,-0.014798130,-0.014797355,0
717,7424637,7424638,5.284231230291,5.284231936762,5.276124131597,0.015583828,0.032844196,-0.014780495,-0.014779719,0
718,7416024,7416025,5.285507779455,5.285508486923,5.277397227694,0.015574659,0.032808444,-0.014771187,-0.014770410,0
719,7407443,7407444,5.286789922000,5.286790630465,5.278668578434,0.015558162,0.032780121,-0.014753824,-0.014753046,0
720,7398872,7398873,5.288062145061,5.288062854523,5.279938188620,0.015549854,0.032743709,-0.014745461,-0.014744681,0
721,7390334,7390335,5.289340818710,5.289341529170,5.281206063038,0.015533370,0.032715573,-0.014728110,-0.014727330,0
722,7381807,7381808,5.290610389195,5.290611100652,5.282472206450,0.015524269,0.032680154,-0.014718873,-0.014718091,0
723,7373312,7373313,5.291885850555,5.291886563010,5.283736623601,0.015507561,0.032652441,-0.014701275,-0.014700492,0
724,7364827,7364828,5.293151602165,5.293152315618,5.284999319217,0.015498851,0.032616828,-0.014692465,-0.014691681,0
725,7356373,7356374,5.294422676969,5.294423391418,5.286260298002,0.015483113,0.032588343,-0.014675930,-0.014675145,0
726,7347931,7347932,5.295685573806,5.295686289253,5.287519564642,0.015473850,0.032553480,-0.014666510,-0.014665724,0
727,7339520,7339521,5.296953940614,5.296954657058,5.288777123806,0.015457420,0.032525882,-0.014649214,-0.014648427,0
728,7331119,7331120,5.298212803451,5.298213520893,5.290032980141,0.015448802,0.032490570,-0.014640500,-0.014639711,0
729,7322749,7322750,5.299477279054,5.299477997494,5.291287138275,0.015432882,0.032462656,-0.014623762,-0.014622973,0
730,7314390,7314391,5.300733071033,5.300733790470,5.292539602818,0.015423963,0.032427839,-0.014614716,-0.014613926,0
731,7306061,7306062,5.301993900144,5.301994620578,5.293790378363,0.015408329,0.032399834,-0.014598289,-0.014597498,0
732,7297743,7297744,5.303246148542,5.303246869974,5.295039469481,0.015399600,0.032365019,-0.014589450,-0.014588657,0
733,7289456,7289457,5.304504297323,5.304505019752,5.296286880727,0.015383302,0.032337869,-0.014572292,-0.014571498,0
734,7281179,7281180,5.305753246880,5.305753970306,5.297532616635,0.015374537,0.032303281,-0.014563410,-0.014562616,0
735,7272932,7272933,5.307007515218,5.307008239643,5.298776681724,0.015358793,0.032275768,-0.014546860,-0.014546064,0
736,7264695,7264696,5.308252683273,5.308253408695,5.300019080491,0.015350493,0.032240906,-0.014538486,-0.014537689,0
737,7256489,7256490,5.309504035372,5.309504761791,5.301259817418,0.015334356,0.032213974,-0.014521503,-0.014520705,0
738,7248293,7248294,5.310746388130,5.310747115547,5.302498896968,0.015325572,0.032179784,-0.014512596,-0.014511797,0
739,7240127,7240128,5.311994339360,5.311995067774,5.303736323583,0.015309547,0.032152929,-0.014495732,-0.014494932,0
740,7231970,7231971,5.313232660794,5.313233390206,5.304972101692,0.015301512,0.032118177,-0.014487646,-0.014486845,0
741,7223844,7223845,5.314477447974,5.314478178383,5.306206235703,0.015285378,0.032091618,-0.014470661,-0.014469859,0
742,7215727,7215728,5.315712702330,5.315713433736,5.307438730008,0.015277146,0.032057248,-0.014462356,-0.014461553,0
743,7207640,7207641,5.316953830890,5.316954563294,5.308669588979,0.015261415,0.032030471,-0.014445812,-0.014445008,0
744,7199563,7199564,5.318186255011,5.318186988413,5.309898816974,0.015252767,0.031996703,-0.014437048,-0.014436242,0
745,7191515,7191516,5.319423957816,5.319424692215,5.311126418330,0.015237223,0.031969923,-0.014420708,-0.014419902,0
746,7183477,7183478,5.320653053168,5.320653788564,5.312352397369,0.015228674,0.031936239,-0.014412051,-0.014411243,0
747,7175468,7175469,5.321887562099,5.321888298493,5.313576758395,0.015213104,0.031909668,-0.014395679,-0.014394871,0
748,7167469,7167470,5.323113560571,5.323114297963,5.314799505694,0.015204439,0.031876282,-0.014386893,-0.014386083,0
749,7159498,7159499,5.324344369138,5.324345107527,5.316020643538,0.015189365,0.031849396,-0.014371065,-0.014370254,0
750,7151537,7151538,5.325566762254,5.325567501640,5.317240176179,0.015181110,0.031815781,-0.014362726,-0.014361914,0
751,7143605,7143606,5.326794836770,5.326795577154,5.318458107852,0.015165583,0.031789528,-0.014346399,-0.014345586,0
752,7135683,7135684,5.328014592846,5.328015334228,5.319674442777,0.015156787,0.031756634,-0.014337464,-0.014336650,0
753,7127788,7127789,5.329238680484,5.329239422863,5.320889185157,0.015142076,0.031729744,-0.014322032,-0.014321216,0
754,7119904,7119905,5.330455286087,5.330456029464,5.322102339178,0.015133269,0.031697040,-0.014313081,-0.014312265,0
755,7112047,7112048,5.331676352194,5.331677096569,5.323313909009,0.015118426,0.031670460,-0.014297502,-0.014296685,0
756,7104200,7104201,5.332889287921,5.332890033293,5.324523898803,0.015110143,0.031637409,-0.014289126,-0.014288308,0
757,7096382,7096383,5.334108303847,5.334109050216,5.325732312697,0.015094213,0.031612093,-0.014272352,-0.014271532,0
758,7088572,7088573,5.335317791691,5.335318539058,5.326939154811,0.015086249,0.031578898,-0.014264323,-0.014263503,0
759,7080790,7080791,5.336532742323,5.336533490688,5.328144429249,0.015071264,0.031552813,-0.014248584,-0.014247762,0
760,7073018,7073019,5.337739750664,5.337740500026,5.329348140100,0.015062666,0.031520427,-0.014239859,-0.014239036,0
761,7065273,7065274,5.338951602395,5.338952352755,5.330550291436,0.015047675,0.031494521,-0.014224112,-0.014223288,0
762,7057537,7057538,5.340154853535,5.340155604893,5.331750887313,0.015039739,0.031461648,-0.014216109,-0.014215284,0
763,7049829,7049830,5.341363825404,5.341364577759,5.332949931772,0.015024539,0.031436124,-0.014200132,-0.014199306,0
764,7042130,7042131,5.342564287752,5.342565041105,5.334147428836,0.015016311,0.031403714,-0.014191807,-0.014190980,0
765,7034458,7034459,5.343769845460,5.343770599810,5.335343382516,0.015001453,0.031378021,-0.014176203,-0.014175374,0
766,7026795,7026796,5.344966982731,5.344967738078,5.336537796804,0.014993485,0.031345522,-0.014168162,-0.014167333,0
767,7019160,7019161,5.346170096704,5.346170853049,5.337730675679,0.014978014,0.031320612,-0.014151883,-0.014151053,0
768,7011533,7011534,5.347364123982,5.347364881324,5.338922023102,0.014970108,0.031288223,-0.014143908,-0.014143077,0
769,7003933,7003934,5.348563496623,5.348564254963,5.340111843021,0.014955337,0.031262781,-0.014128396,-0.014127564,0
770,6996342,6996343,5.349754627013,5.349755386351,5.341300139368,0.014947295,0.031230697,-0.014120270,-0.014119436,0
771,6988778,6988779,5.350951227780,5.350951988115,5.342486916059,0.014932271,0.031205678,-0.014104478,-0.014103643,0
772,6981223,6981224,5.352139675399,5.352140436732,5.343672176996,0.014923894,0.031174096,-0.014095982,-0.014095146,0
773,6973694,6973695,5.353332956084,5.353333718415,5.344855926065,0.014909180,0.031148934,-0.014080529,-0.014079692,0
774,6966173,6966174,5.354517407408,5.354518170736,5.346038167138,0.014901797,0.031116525,-0.014073123,-0.014072285,0
775,6958680,6958681,5.355708339492,5.355709103818,5.347218904071,0.014886438,0.031092175,-0.014056959,-0.014056120,0
776,6951194,6951195,5.356889764014,5.356890529337,5.348398140707,0.014879095,0.031059891,-0.014049595,-0.014048755,0
777,6943735,6943736,5.358077028008,5.358077794329,5.349575880871,0.014864425,0.031035017,-0.014034186,-0.014033345,0
778,6936285,6936286,5.359256400220,5.359257167538,5.350752128378,0.014856163,0.031003817,-0.014025810,-0.014024968,0
779,6928861,6928862,5.360440968630,5.360441736946,5.351926887024,0.014841224,0.030979376,-0.014010105,-0.014009262,0
780,6921445,6921446,5.361616963079,5.361617732393,5.353100160593,0.014833383,0.030947918,-0.014002190,-0.014001346,0
781,6914055,6914056,5.362798272788,5.362799043099,5.354271952854,0.014818754,0.030923330,-0.013986824,-0.013985978,0
782,6906673,6906674,5.363971091688,5.363971862997,5.355442267562,0.014811147,0.030891800,-0.013979163,-0.013978317,0
783,6899317,6899318,5.365149344917,5.365150117224,5.356611108456,0.014796641,0.030867251,-0.013963930,-0.013963082,0
784,6891969,6891970,5.366319190495,5.366319963799,5.357778479263,0.014789081,0.030835837,-0.013956319,-0.013955470,0
785,6884647,6884648,5.367494589477,5.367495363779,5.358944383694,0.014774509,0.030811513,-0.013941012,-0.013940162,0
786,6877333,6877334,5.368661663973,5.368662439272,5.360108825448,0.014766808,0.030780400,-0.013933244,-0.013932393,0
787,6870045,6870046,5.369834410954,5.369835187251,5.361271808208,0.014751984,0.030756489,-0.013917659,-0.013916807,0
788,6862765,6862766,5.370998916620,5.370999693915,5.362433335645,0.014743955,0.030725863,-0.013909529,-0.013908676,0
789,6855509,6855510,5.372167657276,5.372168435568,5.363593411414,0.014730247,0.030700995,-0.013895167,-0.013894313,0
790,6848262,6848263,5.373329015092,5.373329794382,5.364752039157,0.014722483,0.030670262,-0.013887326,-0.013886471,0
791,6841040,6841041,5.374495501296,5.374496281583,5.365909222504,0.014708154,0.030646172,-0.013872281,-0.013871425,0
792,6833826,6833827,5.375653908553,5.375654689838,5.367064965068,0.014700472,0.030615514,-0.013864528,-0.013863671,0
793,6826637,6826638,5.376817559307,5.376818341590,5.368219270452,0.014686118,0.030591607,-0.013849453,-0.013848595,0
794,6819456,6819457,5.377973212309,5.377973995590,5.369372142243,0.014678336,0.030561205,-0.013841590,-0.013840730,0
795,6812300,6812301,5.379134223926,5.379135008204,5.370523584016,0.014663774,0.030537661,-0.013826285,-0.013825424,0
796,6805151,6805152,5.380286533715,5.380287318991,5.371673599331,0.014656495,0.030506910,-0.013818972,-0.013818110,0
797,6798027,6798028,5.381444315246,5.381445101519,5.372822191736,0.014642331,0.030483124,-0.013804101,-0.013803239,0
798,6790911,6790912,5.382594259435,5.382595046706,5.373969364766,0.014634592,0.030452988,-0.013796281,-0.013795418,0
799,6783819,6783820,5.383749002227,5.383749790496,5.375115121941,0.014620647,0.030429135,-0.013781651,-0.013780786,0
800,6776735,6776736,5.384895986894,5.384896776161,5.376259466771,0.014613057,0.030399004,-0.013773991,-0.013773125,0
801,6769675,6769676,5.386047881309,5.386048671573,5.377402402749,0.014599155,0.030375260,-0.013759407,-0.013758540,0
802,6762623,6762624,5.387192096821,5.387192888082,5.378543933358,0.014591536,0.030345310,-0.013751714,-0.013750846,0
803,6755595,6755596,5.388341333231,5.388342125490,5.379684062068,0.014577502,0.030321851,-0.013736983,-0.013736113,0
804,6748575,6748576,5.389482969966,5.389483763223,5.380822792335,0.014569677,0.030292257,-0.013729063,-0.013728192,0
805,6741578,6741579,5.390628944502,5.390629738756,5.381960127601,0.014556128,0.030268464,-0.013714861,-0.013713990,0
806,6734589,6734590,5.391767396600,5.391768191853,5.383096071298,0.014548717,0.030238606,-0.013707394,-0.013706521,0
807,6727624,6727625,5.392911089922,5.392911886172,5.384230626845,0.014534685,0.030215445,-0.013692662,-0.013691788,0
808,6720667,6720668,5.394047340045,5.394048137293,5.385363797645,0.014526720,0.030186292,-0.013684584,-0.013683709,0
809,6713732,6713733,5.395187346069,5.395188144314,5.386495587094,0.014513625,0.030162342,-0.013670878,-0.013670002,0
810,6706806,6706807,5.396320783392,5.396321582635,5.387625998570,0.014505729,0.030133268,-0.013662874,-0.013661998,0
811,6699903,6699904,5.397458882044,5.397459682285,5.388755035443,0.014491806,0.030110295,-0.013648258,-0.013647380,0
812,6693007,6693008,5.398588890764,5.398589692003,5.389882701067,0.014484608,0.030080669,-0.013641019,-0.013640140,0
813,6686135,6686136,5.399724468243,5.399725270479,5.391008998787,0.014470482,0.030058045,-0.013626179,-0.013625299,0
814,6679270,6679271,5.400852031055,5.400852834289,5.392133931932,0.014463014,0.030028837,-0.013618641,-0.013617760,0
815,6672427,6672428,5.401983663351,5.401984467583,5.393257503824,0.014450124,0.030005124,-0.013605154,-0.013604272,0
816,6665593,6665594,5.403108962720,5.403109767949,5.394379717767,0.014442215,0.029976501,-0.013597132,-0.013596249,0
817,6658781,6658782,5.404238436778,5.404239243005,5.395500577058,0.014428786,0.029953472,-0.013583053,-0.013582169,0
818,6651977,6651978,5.405360849949,5.405361657174,5.396620084979,0.014421074,0.029924798,-0.013575244,-0.013574358,0
819,6645195,6645196,5.406487541025,5.406488349248,5.397738244800,0.014407743,0.029901814,-0.013561272,-0.013560385,0
820,6638421,6638422,5.407607246495,5.407608055716,5.398855059782,0.014400061,0.029873253,-0.013553494,-0.013552607,0
821,6631669,6631670,5.408731333089,5.408732143307,5.399970533170,0.014386664,0.029850478,-0.013539448,-0.013538559,0
822,6624924,6624925,5.409847698148,5.409848509364,5.401084668200,0.014379658,0.029821384,-0.013532410,-0.013531520,0
823,6618202,6618203,5.410969357774,5.410970169988,5.402197468097,0.014366030,0.029798984,-0.013518108,-0.013517218,0
824,6611487,6611488,5.412083369162,5.412084182373,5.403308936072,0.014358726,0.029770329,-0.013510742,-0.013509850,0
825,6604794,6604795,5.413201966133,5.413202780342,5.404419075325,0.014345515,0.029747653,-0.013496896,-0.013496004,0
826,6598108,6598109,5.414312986171,5.414313801378,5.405527889046,0.014338564,0.029718787,-0.013489914,-0.013489020,0
827,6591445,6591446,5.415429509238,5.415430325443,5.406635380411,0.014324794,0.029696810,-0.013475455,-0.013474560,0
828,6584789,6584790,5.416538528678,5.416539345881,5.407741552587,0.014317217,0.029668710,-0.013467785,-0.013466889,0
829,6578154,6578155,5.417651519983,5.417652338183,5.408846408728,0.014304359,0.029645961,-0.013454324,-0.013453427,0
830,6571527,6571528,5.418757896179,5.418758715377,5.409949951978,0.014296811,0.029617971,-0.013446684,-0.013445786,0
831,6564921,6564922,5.419868343495,5.419869163690,5.411052185468,0.014283889,0.029595424,-0.013433152,-0.013432253,0
832,6558323,6558324,5.420972249017,5.420973070210,5.412153112320,0.014276211,0.029567703,-0.013425368,-0.013424467,0
833,6551746,6551747,5.422080324920,5.422081147111,5.413252735642,0.014263065,0.029545518,-0.013411589,-0.013410687,0
834,6545176,6545177,5.423181109161,5.423181932350,5.414351058534,0.014255919,0.029517402,-0.013404386,-0.013403483,0
835,6538627,6538628,5.424286161052,5.424286985238,5.415448084083,0.014243215,0.029494913,-0.013391089,-0.013390185,0
836,6532086,6532087,5.425384815800,5.425385640985,5.416543815364,0.014235621,0.029467382,-0.013383394,-0.013382490,0
837,6525565,6525566,5.426487011286,5.426487837468,5.417638255445,0.014223202,0.029444743,-0.013370409,-0.013369503,0
838,6519052,6519053,5.427582880965,5.427583708145,5.418731407379,0.014215829,0.029417127,-0.013362955,-0.013362048,0
839,6512560,6512561,5.428683214842,5.428684043020,5.419823274209,0.014202714,0.029395320,-0.013349204,-0.013348296,0
840,6506075,6506076,5.429776467072,5.429777296248,5.420913858970,0.014195405,0.029367774,-0.013341819,-0.013340910,0
841,6499611,6499612,5.430874280785,5.430875110958,5.422003164682,0.014182264,0.029346128,-0.013328038,-0.013327128,0
842,6493153,6493154,5.431964251028,5.431965082199,5.423091194359,0.014175697,0.029317975,-0.013321464,-0.013320553,0
843,6486717,6486718,5.433059710216,5.433060542385,5.424177950999,0.014162375,0.029296643,-0.013307485,-0.013306572,0
844,6480287,6480288,5.434147393291,5.434148226458,5.425263437594,0.014155567,0.029268865,-0.013300644,-0.013299731,0
845,6473878,6473879,5.435239830437,5.435240664601,5.426347657124,0.014142745,0.029247166,-0.013287211,-0.013286296,0
846,6467476,6467477,5.436325391999,5.436326227161,5.427430612557,0.014135541,0.029219915,-0.013279936,-0.013279020,0
847,6461094,6461095,5.437414968770,5.437415804930,5.428512306852,0.014123068,0.029198000,-0.013266884,-0.013265967,0
848,6454720,6454721,5.438498574481,5.438499411639,5.429592742959,0.014115316,0.029171430,-0.013259005,-0.013258088,0
849,6448365,6448366,5.439585452553,5.439586290709,5.430671923813,0.014103043,0.029149446,-0.013246171,-0.013245252,0
850,6442018,6442019,5.440666428933,5.440667268086,5.431749852344,0.014095426,0.029122870,-0.013238440,-0.013237520,0
851,6435690,6435691,5.441750768993,5.441751609145,5.432826531469,0.014083203,0.029100966,-0.013225659,-0.013224738,0
852,6429369,6429370,5.442828435584,5.442829276733,5.433901964096,0.014076415,0.029073693,-0.013218834,-0.013217912,0
853,6423069,6423070,5.443911239479,5.443912081626,5.434976153120,0.014063252,0.029052859,-0.013205022,-0.013204099,0
854,6416775,6416776,5.444986596135,5.444987439279,5.436049101429,0.014056304,0.029025876,-0.013198020,-0.013197096,0
855,6410501,6410502,5.446066341273,5.446067185416,5.437120811901,0.014043735,0.029004576,-0.013184858,-0.013183933,0
856,6404234,6404235,5.447139547706,5.447140392846,5.438191287402,0.014036478,0.028978029,-0.013177516,-0.013176590,0
857,6397986,6397987,5.448216389813,5.448217235951,5.439260530789,0.014024360,0.028956408,-0.013164846,-0.013163918,0
858,6391745,6391746,5.449286758607,5.449287605743,5.440328544908,0.014017493,0.028929599,-0.013157930,-0.013157001,0
859,6385524,6385525,5.450361700552,5.450362548686,5.441395332598,0.014004833,0.028908647,-0.013144664,-0.013143735,0
860,6379309,6379310,5.451429387446,5.451430236577,5.442460896686,0.013998211,0.028881719,-0.013138016,-0.013137086,0
861,6373114,6373115,5.452501738833,5.452502588963,5.443525239988,0.013985712,0.028860733,-0.013124925,-0.013123993,0
862,6366926,6366927,5.453567749702,5.453568600829,5.444588365313,0.013978341,0.028834681,-0.013117454,-0.013116522,0
863,6360757,6360758,5.454637666282,5.454638518407,5.445650275459,0.013965857,0.028813805,-0.013104379,-0.013103445,0
864,6354594,6354595,5.455700454625,5.455701307748,5.446710973215,0.013959295,0.028787070,-0.013097793,-0.013096858,0
865,6348451,6348452,5.456768090161,5.456768944282,5.447770461359,0.013946684,0.028766447,-0.013084576,-0.013083640,0
866,6342314,6342315,5.457828660875,5.457829515993,5.448828742660,0.013939937,0.028740021,-0.013077786,-0.013076849,0
867,6336196,6336197,5.458893314019,5.458894170136,5.449885819878,0.013927910,0.028718937,-0.013065209,-0.013064271,0
868,6330085,6330086,5.459951820878,5.459952677992,5.450941695764,0.013920835,0.028692964,-0.013058058,-0.013057119,0
869,6323993,6323994,5.461014499532,5.461015357644,5.451996373058,0.013908397,0.028672416,-0.013045029,-0.013044088,0
870,6317907,6317908,5.462070238208,5.462071097318,5.453049854492,0.013901709,0.028646178,-0.013038300,-0.013037359,0
871,6311840,6311841,5.463130236051,5.463131096159,5.454102142788,0.013889576,0.028625448,-0.013025604,-0.013024661,0
872,6305780,6305781,5.464184216452,5.464185077557,5.455153240659,0.013882277,0.028599944,-0.013018203,-0.013017260,0
873,6299738,6299739,5.465241683289,5.465242545392,5.456203150808,0.013870310,0.028579170,-0.013005688,-0.013004743,0
874,6293702,6293703,5.466292333011,5.466293196113,5.457251875929,0.013863981,0.028552817,-0.012999350,-0.012998405,0
875,6287686,6287687,5.467348280758,5.467349144857,5.458299418709,0.013851180,0.028532999,-0.012985919,-0.012984972,0
876,6281675,6281676,5.468396609727,5.468397474824,5.459345781822,0.013844823,0.028506795,-0.012979549,-0.012978601,0
877,6275683,6275684,5.469449460004,5.469450326100,5.460390967936,0.013832776,0.028486344,-0.012966942,-0.012965993,0
878,6269698,6269699,5.470496483141,5.470497350234,5.461434979708,0.013825387,0.028461293,-0.012959440,-0.012958490,0
879,6263730,6263731,5.471546380788,5.471547248879,5.462477819789,0.013813959,0.028440342,-0.012947511,-0.012946560,0
880,6257769,6257770,5.472590512740,5.472591381829,5.463519490816,0.013807134,0.028414847,-0.012940624,-0.012939672,0
881,6251826,6251827,5.473638470694,5.473639340781,5.464559995422,0.013795323,0.028394397,-0.012928275,-0.012927322,0
882,6245890,6245891,5.474680726398,5.474681597482,5.465599336228,0.013788058,0.028369462,-0.012920904,-0.012919950,0
883,6239971,6239972,5.475726021422,5.475726893505,5.466637515848,0.013776598,0.028348781,-0.012908938,-0.012907982,0
884,6234059,6234060,5.476765675649,5.476766548729,5.467674536886,0.013769627,0.028323669,-0.012901888,-0.012900932,0
885,6228165,6228166,5.477809324687,5.477810198766,5.468710401938,0.013757512,0.028303761,-0.012889202,-0.012888245,0
886,6222277,6222278,5.478846521304,5.478847396380,5.469745113591,0.013750702,0.028278606,-0.012882328,-0.012881369,0
887,6216407,6216408,5.479887796145,5.479888672219,5.470778674422,0.013738669,0.028258733,-0.012869731,-0.012868772,0
888,6210542,6210543,5.480921800956,5.480922678028,5.471811087002,0.013732765,0.028232789,-0.012863847,-0.012862887,0
889,6204696,6204697,5.481960843482,5.481961721552,5.472842353891,0.013720684,0.028213081,-0.012851197,-0.012850235,0
890,6198856,6198857,5.482993552519,5.482994431587,5.473872477642,0.013713799,0.028188233,-0.012844237,-0.012843274,0
891,6193033,6193034,5.484029626550,5.484030506615,5.474901460799,0.013702415,0.028167943,-0.012832349,-0.012831385,0
892,6187217,6187218,5.485060305631,5.485061186695,5.475929305897,0.013695295,0.028143448,-0.012825130,-0.012824165,0
893,6181418,6181419,5.486094431134,5.486095313195,5.476956015463,0.013683599,0.028123585,-0.012812898,-0.012811932,0
894,6175625,6175626,5.487122340098,5.487123223158,5.477981592015,0.013676992,0.028098690,-0.012806241,-0.012805274,0
895,6169849,6169850,5.488153774920,5.488154658977,5.479006038063,0.013665736,0.028078503,-0.012794490,-0.012793522,0
896,6164080,6164081,5.489179935742,5.489180820797,5.480029356110,0.013658632,0.028054220,-0.012787286,-0.012786317,0
897,6158328,6158329,5.490209703855,5.490210589908,5.481051548648,0.013646802,0.028034720,-0.012774905,-0.012773934,0
898,6152581,6152582,5.491232485344,5.491233372395,5.482072618163,0.013640841,0.028009407,-0.012768952,-0.012767980,0
899,6146852,6146853,5.492259839620,5.492260727669,5.483092567132,0.013629193,0.027989838,-0.012756769,-0.012755797,0
900,6141129,6141130,5.493281151813,5.493282040860,5.484111398023,0.013622475,0.027965395,-0.012749986,-0.012749012,0
901,6135423,6135424,5.494306230186,5.494307120231,5.485129113297,0.013610882,0.027945884,-0.012737862,-0.012736887,0
902,6129723,6129724,5.495325323969,5.495326215012,5.486145715406,0.013604167,0.027921551,-0.012731079,-0.012730104,0
903,6124040,6124041,5.496348263381,5.496349155422,5.487161206794,0.013592501,0.027902224,-0.012718875,-0.012717898,0
904,6118362,6118363,5.497364382661,5.497365275700,5.488175589899,0.013586553,0.027877235,-0.012712932,-0.012711954,0
905,6112702,6112703,5.498385319063,5.498386213100,5.489188867148,0.013574689,0.027858219,-0.012700508,-0.012699529,0
906,6107047,6107048,5.499399490838,5.499400385872,5.490201040961,0.013568492,0.027833590,-0.012694290,-0.012693310,0
907,6101409,6101410,5.500417665154,5.500418561187,5.491212113751,0.013557197,0.027814115,-0.012682490,-0.012681509,0
908,6095777,6095778,5.501430025384,5.501430922415,5.492222087921,0.013550624,0.027789972,-0.012675859,-0.012674877,0
909,6090162,6090163,5.502446467616,5.502447365644,5.493230965869,0.013538879,0.027771057,-0.012663564,-0.012662580,0
910,6084552,6084553,5.503456254241,5.503457153268,5.494238749984,0.013532701,0.027746629,-0.012657365,-0.012656380,0
911,6078959,6078960,5.504470200335,5.504471100360,5.495245442645,0.013521279,0.027727500,-0.012645422,-0.012644436,0
912,6073372,6073373,5.505478445363,5.505479346386,5.496251046226,0.013514475,0.027703808,-0.012638535,-0.012637549,0
913,6067801,6067802,5.506490027306,5.506490929326,5.497255563093,0.013503253,0.027684588,-0.012626811,-0.012625823,0
914,6062235,6062236,5.507495060681,5.507495963699,5.498258995602,0.013497501,0.027659951,-0.012621075,-0.012620086,0
915,6056687,6056688,5.508505312484,5.508506216501,5.499261346105,0.013485455,0.027641663,-0.012608447,-0.012607457,0
916,6051143,6051144,5.509508166226,5.509509071241,5.500262616942,0.013479733,0.027617105,-0.012602743,-0.012601752,0
917,6045617,6045618,5.510516317870,5.510517223882,5.501262810449,0.013467642,0.027598969,-0.012590064,-0.012589072,0
918,6040095,6040096,5.511517122983,5.511518029993,5.502261928953,0.013461829,0.027574610,-0.012584258,-0.012583265,0
919,6034590,6034591,5.512522397465,5.512523305473,5.503259974774,0.013450479,0.027555840,-0.012572390,-0.012571396,0
920,6029090,6029091,5.513521283962,5.513522192968,5.504256950222,0.013444453,0.027531800,-0.012566350,-0.012565354,0
921,6023607,6023608,5.514524717311,5.514525627315,5.505252857604,0.013432818,0.027513422,-0.012554168,-0.012553172,0
922,6018129,6018130,5.515521816208,5.515522727210,5.506247699215,0.013426457,0.027489822,-0.012547760,-0.012546763,0
923,6012667,6012668,5.516522627443,5.516523539443,5.507241477346,0.013415327,0.027471046,-0.012536130,-0.012535131,0
924,6007210,6007211,5.517517155767,5.517518068765,5.508234194279,0.013409424,0.027447094,-0.012530221,-0.012529222,0
925,6001770,6001771,5.518516383922,5.518517297918,5.509225852289,0.013397768,0.027428947,-0.012518015,-0.012517014,0
926,5996334,5996335,5.519508467712,5.519509382706,5.510216453643,0.013392205,0.027404760,-0.012512478,-0.012511476,0
927,5990915,5990916,5.520505326830,5.520506242822,5.511206000602,0.013380819,0.027386449,-0.012500565,-0.012499562,0
928,5985501,5985502,5.521496008122,5.521496925112,5.512194495419,0.013374564,0.027363058,-0.012494269,-0.012493265,0
929,5980103,5980104,5.522490624250,5.522491542238,5.513181940339,0.013363330,0.027344698,-0.012482522,-0.012481517,0
930,5974710,5974711,5.523479114102,5.523480033088,5.514168337601,0.013357181,0.027321305,-0.012476340,-0.012475334,0
931,5969333,5969334,5.524471612297,5.524472532281,5.515153689437,0.013345983,0.027303012,-0.012464632,-0.012463625,0
932,5963961,5963962,5.525458035768,5.525458956749,5.516137998072,0.013339823,0.027279734,-0.012458437,-0.012457429,0
933,5958605,5958606,5.526448541091,5.526449463071,5.517121265721,0.013328546,0.027261624,-0.012446640,-0.012445631,0
934,5953253,5953254,5.527432100267,5.527433023245,5.518103494596,0.013323182,0.027237652,-0.012441315,-0.012440304,0
935,5947918,5947919,5.528420736788,5.528421660764,5.519084686899,0.013311709,0.027219839,-0.012429303,-0.012428292,0
936,5942587,5942588,5.529402476724,5.529403401698,5.520064844827,0.013306105,0.027196209,-0.012423714,-0.012422701,0
937,5937273,5937274,5.530389369517,5.530390295489,5.521043970568,0.013294321,0.027178810,-0.012411360,-0.012410346,0
938,5931963,5931964,5.531369415289,5.531370342259,5.522022066305,0.013288359,0.027155638,-0.012405379,-0.012404364,0
939,5926668,5926669,5.532352833497,5.532353761465,5.522999134214,0.013278003,0.027136912,-0.012394587,-0.012393571,0
940,5921379,5921380,5.533331308192,5.533332237158,5.523975176461,0.013271571,0.027114312,-0.012388089,-0.012387072,0
941,5916105,5916106,5.534313226847,5.534314156811,5.524950195209,0.013260677,0.027096225,-0.012376706,-0.012375689,0
942,5910836,5910837,5.535289324590,5.535290255552,5.525924192613,0.013254588,0.027073382,-0.012370583,-0.012369564,0
943,5905582,5905583,5.536268935825,5.536269867785,5.526897170820,0.013243971,0.027055117,-0.012359504,-0.012358484,0
944,5900333,5900334,5.537242775721,5.537243708679,5.527869131971,0.013238115,0.027032142,-0.012353633,-0.012352612,0
945,5895100,5895101,5.538221132601,5.538222066557,5.528840078201,0.013226732,0.027014742,-0.012341714,-0.012340692,0
946,5889871,5889872,5.539192834759,5.539193769713,5.529810011636,0.013220997,0.026991745,-0.012335975,-0.012334952,0
947,5884657,5884658,5.540168189483,5.540169125435,5.530778934398,0.013210604,0.026973454,-0.012325138,-0.012324114,0
948,5879449,5879450,5.541138808971,5.541139745921,5.531746848602,0.013203943,0.026951481,-0.012318385,-0.012317359,0
949,5874255,5874256,5.542112214613,5.542113152561,5.532713756354,0.013193495,0.026933344,-0.012307487,-0.012306460,0
950,5869066,5869067,5.543079997651,5.543080936597,5.533679659755,0.013187671,0.026910633,-0.012301647,-0.012300620,0
951,5863892,5863893,5.544051572337,5.544052512282,5.534644560901,0.013177058,0.026892758,-0.012290568,-0.012289539,0
952,5858723,5858724,5.545017574004,5.545018514946,5.535608461878,0.013171024,0.026870354,-0.012284498,-0.012283468,0
953,5853569,5853570,5.545987436865,5.545988378805,5.536571364767,0.013160136,0.026852853,-0.012273116,-0.012272085,0
954,5848420,5848421,5.546951776292,5.546952719231,5.537533271645,0.013153780,0.026830867,-0.012266693,-0.012265661,0
955,5843285,5843286,5.547919102527,5.547920046463,5.538494184578,0.013143450,0.026812905,-0.012255920,-0.012254887,0
956,5838155,5838156,5.548880952920,5.548881897855,5.539454105629,0.013137608,0.026790502,-0.012250058,-0.012249024,0
957,5833040,5833041,5.549846801612,5.549847747545,5.540413036853,0.013126784,0.026773129,-0.012238744,-0.012237709,0
958,5827929,5827930,5.550806277124,5.550807224055,5.541370980300,0.013121351,0.026750414,-0.012233328,-0.012232292,0
959,5822833,5822834,5.551769818492,5.551770766421,5.542327938011,0.013110871,0.026732792,-0.012222390,-0.012221352,0
960,5817742,5817743,5.552727981209,5.552728930136,5.543283912023,0.013104792,0.026710819,-0.012216265,-0.012215227,0
961,5812666,5812667,5.553690279339,5.553691229263,5.544238904366,0.013093601,0.026694004,-0.012204548,-0.012203508,0
962,5807594,5807595,5.554646297491,5.554647248413,5.545192917065,0.013087716,0.026671931,-0.012198634,-0.012197594,0
963,5802536,5802537,5.555605566697,5.555606518618,5.546145952135,0.013077607,0.026654129,-0.012188100,-0.012187058,0
964,5797483,5797484,5.556559552456,5.556560505375,5.547098011589,0.013071811,0.026632061,-0.012182283,-0.012181241,0
965,5792444,5792445,5.557516854839,5.557517808756,5.548049097431,0.013061731,0.026614325,-0.012171778,-0.012170735,0
966,5787411,5787412,5.558469876295,5.558470831210,5.548999211660,0.013054965,0.026593321,-0.012164899,-0.012163854,0
967,5782391,5782392,5.559425326030,5.559426281943,5.549948356269,0.013044806,0.026575757,-0.012154308,-0.012153262,0
968,5777376,5777377,5.560375587530,5.560376544441,5.550896533244,0.013038874,0.026554013,-0.012148339,-0.012147292,0
969,5772375,5772376,5.561329296800,5.561330254710,5.551843744566,0.013028533,0.026536724,-0.012137547,-0.012136499,0
970,5767378,5767379,5.562276906539,5.562277865447,5.552789992210,0.013023333,0.026514341,-0.012132378,-0.012131329,0
971,5762396,5762397,5.563228987535,5.563229947441,5.553735278142,0.013012705,0.026497432,-0.012121272,-0.012120222,0
972,5757418,5757419,5.564175014616,5.564175975519,5.554679604326,0.013007177,0.026475469,-0.012115743,-0.012114692,0
973,5752455,5752456,5.565125580529,5.565126542430,5.555622972717,0.012996157,0.026459044,-0.012104206,-0.012103154,0
974,5747496,5747497,5.566070138145,5.566071101045,5.556565385266,0.012990195,0.026437607,-0.012098202,-0.012097149,0
975,5742550,5742551,5.567017374377,5.567018338275,5.557506843918,0.012980606,0.026419844,-0.012088229,-0.012087174,0
976,5737609,5737610,5.567959608837,5.567960573733,5.558447350610,0.012975071,0.026398071,-0.012082691,-0.012081635,0
977,5732683,5732684,5.568906515291,5.568907481185,5.559386907274,0.012963920,0.026381960,-0.012071008,-0.012069952,0
978,5727760,5727761,5.569846535806,5.569847502698,5.560325515838,0.012958711,0.026359953,-0.012065826,-0.012064768,0
979,5722851,5722852,5.570790326012,5.570791293902,5.561263178222,0.012948792,0.026342701,-0.012055490,-0.012054431,0
980,5717947,5717948,5.571729207692,5.571730176580,5.562199896341,0.012942842,0.026321525,-0.012049495,-0.012048435,0
981,5713057,5713058,5.572671924652,5.572672894538,5.563135672103,0.012932120,0.026305166,-0.012038280,-0.012037219,0
982,5708171,5708172,5.573608809826,5.573609780711,5.564070507412,0.012926294,0.026283957,-0.012032419,-0.012031357,0
983,5703298,5703299,5.574548621993,5.574549593876,5.565004404166,0.012916607,0.026266652,-0.012022336,-0.012021273,0
984,5698430,5698431,5.575483616893,5.575484589774,5.565937364256,0.012910807,0.026245507,-0.012016502,-0.012015438,0
985,5693575,5693576,5.576421600387,5.576422574265,5.566869389567,0.012901087,0.026228324,-0.012006381,-0.012005316,0
986,5688725,5688726,5.577354812246,5.577355787123,5.567800481981,0.012895212,0.026207343,-0.012000465,-0.011999398,0
987,5683888,5683889,5.578291074302,5.578292050177,5.568730643372,0.012885360,0.026190382,-0.011990198,-0.011989131,0
988,5679056,5679057,5.579222610359,5.579223587232,5.569659875608,0.012879311,0.026169663,-0.011984090,-0.011983021,0
989,5674237,5674238,5.580157258220,5.580158236091,5.570588180553,0.012869227,0.026153022,-0.011973569,-0.011972499,0
990,5669422,5669423,5.581086246848,5.581087225718,5.571515560065,0.012863881,0.026131687,-0.011968229,-0.011967159,0
991,5664621,5664622,5.582019386759,5.582020366627,5.572442015995,0.012853466,0.026115466,-0.011957345,-0.011956274,0
992,5659824,5659825,5.582946911082,5.582947891947,5.573367550191,0.012847750,0.026094590,-0.011951599,-0.011950526,0
993,5655040,5655041,5.583877668430,5.583878650294,5.574292164492,0.012837886,0.026077905,-0.011941316,-0.011940242,0
994,5650260,5650261,5.584802851838,5.584803834700,5.575215860736,0.012832683,0.026056603,-0.011936130,-0.011935055,0
995,5645494,5645495,5.585732311748,5.585733295608,5.576138640751,0.012822291,0.026040532,-0.011925269,-0.011924193,0
996,5640732,5640733,5.586656241366,5.586657226224,5.577060506362,0.012816521,0.026019884,-0.011919462,-0.011918385,0
997,5635983,5635984,5.587583525241,5.587584511097,5.577981459388,0.012806489,0.026003541,-0.011908993,-0.011907915,0
998,5631238,5631239,5.588505320476,5.588506307330,5.578901501642,0.012801039,0.025982658,-0.011903535,-0.011902456,0
999,5626506,5626507,5.589430529589,5.589431517441,5.579820634934,0.012791271,0.025966137,-0.011893355,-0.011892274,0
1000,5621778,5621779,5.590350291718,5.590351280568,5.580738861065,0.012786048,0.025945113,-0.011888143,-0.011887062,0
